label,text
?,"it  Arenadata - ведущий российский разработчик на рынке систем управления и обработки данных. Продуктами и услугами разработчика пользуются крупнейшие компании России в ключевых отраслях экономики - финансах, ритейле, телекоммуникациях, промышленности, в государственном секторе и не только. Компания представлена во всех ключевых нишах рынка, имеет наиболее полный продуктовый портфель и занимает лидирующие позиции в большинстве продуктовых категорий."
?,"industrials ПАО «Яковлев» занимается производством гражданских и военные летательных аппаратов, в том числе многоцелевых боевых самолётов Су-30МК, учебных истребителей Су-27УБК, усовершенствованных версий Су-27 и Су-30, транспортных самолётов-амфибий Бе-200. ПАО Яковлев обеспечивает полный цикл работ по обслуживанию гражданской авиационной техники нового поколения. Основными проектами «Яковлева» являются современные отечественные гражданские авиалайнеры – региональный самолет SJ-100, а также среднемагистральный МС-21."
?,"materials ПАО «Корпорация ВСМПО-АВИСМА», также известная как ВСМПО, занимается производством заготовок из титана, алюминиевых сплавов, нержавеющей стали и высокопроцентного ферротитана. Заготовки включают в себя слитки, трубы, листы и плиты. "
?,"industrials ПАО «Объединённая авиастроительная корпорация» производит военные, гражданские, грузовые и специальные летательные аппараты, а также разрабатывает воздушные суда. "
?,"it  VK — крупнейшая по числу пользователей российская технологическая компания.  Цифровые продукты VK предоставляют десяткам миллионов людей возможность решать повседневные задачи онлайн: общаться, учиться, развлекаться и самореализовываться. Для предпринимателей VK разрабатывает инструменты развития и продвижения бизнеса в социальных сетях и на контентных платформах.  Сегодня в портфеле VK более 200 проектов: среди них соцсети ВКонтакте и Одноклассники, контентная платформа Дзен, образовательный холдинг Skillbox, детские образовательные платформы Учи.ру и Тетрика, продукты для бизнеса VK Tech, Почта и Облако Mail.ru, магазин приложений RuStore, игровая платформа VK Play."
?,"consumer ПАО «Магнит» занимается розничной продажей продуктов питания. Компания управляет сетью дисконтных супермаркетов. Магнит — одна из ведущих розничных сетей по торговле продуктами питания в России. Работает по мультиформатной модели, которая включает в себя магазины «у дома», супермаркеты, аптеки и дискаунтеры. Компания также занимается производством продуктов питания под собственными торговыми марками и выращиванием овощей на предприятиях.  На конец июня 2023 года сеть насчитывает более 28 300 торговых точек и покрывает более 75% регионов России. Ежедневно магазины компании принимают около 17 млн посетителей, а в программе лояльности Магнита участвует более 72 млн человек."
?,"financial  СПБ Биржа является крупнейшим организатором торгов иностранными ценными бумагами в России. В группу СПБ Биржи входят несколько участников, которые позволяют компании оказывать наиболее полный комплекс финансовых услуг клиентам: банк, депозитарий, клиринговый центр и центральный контрагент.  В 2022 году инвесторы заключили на СПБ Бирже около 115 млн сделок с иностранными акциями и депозитарными расписками. На ней торгуется более 2 300 ценных бумаг из России, Гонконга, США и Европы. По итогам 2022 года СПБ Биржа показала рост чистой прибыли в 10,3 раза."
?,"financial Совкомбанк — быстрорастущая и высокодоходная финансовая группа, включающая системно значимый банк, крупные страховые, лизинговую и факторинговую компании. Средняя доходность капитала акционеров за последние 10 лет — 36%, а темпы роста капитала акционеров — 31%. Размеры группы позволяют работать со всеми крупнейшими компаниями, инвестировать в технологии, а небольшая доля рынка (1,6%) оставляет значительный потенциал для роста. Совкомбанк — быстрорастущая и высокодоходная финансовая группа, включающая системно значимый банк, крупные страховые, лизинговую и факторинговую компании. Средняя доходность капитала акционеров за последние 10 лет — 36%, а темпы роста капитала акционеров — 31%. Размеры группы позволяют работать со всеми крупнейшими компаниями, инвестировать в технологии, а небольшая доля рынка (1,6%) оставляет значительный потенциал для роста."
?,"real_estate Etalon Group PLC строит жилую недвижимость в России. Компания реализует крупные жилые проекты с ориентиром на средний и бизнес-класс ценовые сегменты рынка. Проекты Etalon находятся в пригородных или вновь заселяемых районах за пределами центров городов рядом с такими учреждениями, как детсады, школы и больницы. "
?,"industrials  Whoosh — технологическая компания, один из лидеров российского рынка шеринга самокатов.  Работает в более чем 50 городах России, Казахстана и Беларуси, а также владеет парком из 150 000 электросамокатов."
?,"health_care  "
?,"materials  Южуралзолото Группа Компаний (ЮГК) — одна из крупнейших золотодобывающих компаний России: №2 по объему ресурсов золота и №4 по производству золота в стране.  ЮГК ведет добычу в России в двух хабах — Уральском (Челябинская область) и Сибирском (Красноярский край, Хакасия). Добытая руда перерабатывается на собственных предприятиях. Оцененные, выявленные и предполагаемые ресурсы ЮГК составляют 40,7 млн унций золотого эквивалента, что является достаточным для обеспечения стабильной работы на протяжении не менее 30 лет.  За счет реализации инвестиционной программы ЮГК планирует увеличить объемы производства золота более чем на 60% к 2026 году и войти в тройку крупнейших золотодобытчиков в России."
?,"materials ПАО «ФосАгро» - вертикально интегрированный производитель фосфатных удобрений, а также кормового фосфата, высококачественных фосфоритов, аммиака и азотосодержащих удобрений. ФосАгро — крупнейший европейский производитель фосфорных удобрений и мировой лидер в производстве фосфатного сырья. Продуктовая линейка компании включает 50 марок удобрений, которые реализуются в 100 странах по всему миру для сельскохозяйственной отрасли: ключевыми рынками сбыта, кроме России и стран СНГ, выступают страны Европы, Азии, Африки, Северной и Южной Америки.  Компания имеет собственную логистическую инфраструктуру, которая включает два портовых терминала, а также крупнейшую в стране сеть дистрибуции минеральных удобрений и кормовых фосфатов. За 12 месяцев 2022 года нарастила выпуск агрохимической продукции на 5%, до рекордных 11 млн тонн."
?,"consumer  HENDERSON — одна из крупнейших сетей магазинов мужской одежды в России.   Кроме офлайн-бизнеса, Компания активно развивает собственный интернет-магазин и расширяет присутствие на ключевых маркетплейсах России."
?,"it  "
?,"materials ПАО «Селигдар» занимается добычей, разведкой и переработкой золота, серебра и урана, в основном используя технологию кучного выщелачивания металлов. Активы компании расположены в нескольких регионах России, в том числе в Республике Саха (Якутия), Алтайском крае, Республике Бурятия и Оренбургской области. Селигдар — крупная горнодобывающая компания с более чем 45-летней историей. Занимается добычей золота, серебра, меди, является единственным производителем рудного олова в нашей стране. Входит в топ-10 крупнейших российских компаний по объемам годовой добычи золота.  Бизнес компании делится на два подразделения: золотой и оловодобывающий сегменты. Добыча ископаемых ведется в шести регионах России: золота — в Якутии, Алтайском крае, Бурятии, олова — в Хабаровском крае, также перспективные проекты компании находятся в Оренбургской области и на Чукотке."
?,"energy ПАО «Татнефть» занимается разведкой, добычей, переработкой и поставкой на рынок сырой нефти. Компания владеет розничной сетью автозаправочных станций, а также экспортирует часть своей нефтехимической продукции в страны бывшего Советского Союза и Европы. Татнефть — одна из крупнейших российских нефтяных компаний, занимается разведкой месторождений, добычей, переработкой и поставкой на рынок нефтепродуктов. Ключевые активы и производственные объекты компании находятся в Татарстане, также ведется разработка месторождений в Калмыкии, Оренбургской, Ульяновской и Самарской областях, Ненецком автономном округе.   Татнефть имеет собственную сеть АЗС, которая насчитывает более 800 станций на территории России, Белоруссии и Узбекистана."
?,"industrials  "
?,"materials ОАО «Магнитогорский металлургический комбинат» работает в области стального производства. Компания производит товары черной металлургии, горяче- и холоднокатаную сталь, а также строительное оборудование и различные потребительские товары. ММК входит в число крупнейших мировых производителей стали, является одним из лидеров среди предприятий черной металлургии в России. Активы компании представляют собой крупный металлургический комплекс с полным производственным циклом, при этом в структуре производства преобладает продукция с высокой добавленной стоимостью.  Компания ориентирована на реализацию своей продукции в основном на внутреннем рынке и в странах СНГ. На страны Ближнего Востока и Азии приходится около 19%, на страны Европы — 7%. В числе крупнейших проектов, реализуемых в настоящее время на ММК, — строительство комплекса коксовой батареи №12, производительность которой составит 2,5 млн тонн сухого кокса в год, стоимость реализации проекта — около 67 млрд рублей."
?,"financial ПАО «Банк ВТБ» привлекает депозиты и предлагает инвестиционные банковские услуги частным и корпоративным клиентам, например, выпуск новых долговых обязательств, торговое финансирование и депозитарные услуги, а также торговлю деривативами, сырьевыми товарами, российской и иностранной валютой, акциями, облигациями и репо. Банк ВТБ — второй банк по величине активов в России, входит в перечень системно значимых кредитных организаций. Банк предлагает корпоративные, розничные и инвестиционно-банковские услуги через разветвленную региональную сеть.   Банк занимает второе место в стране по количеству активных клиентов - в 16 млн человек, также активно развивает цифровой банкинг: количество пользователей цифровых сервисов ВТБ Онлайн в конце 2022 года превысило 12 млн человек."
?,"financial  CarMoney — российский финтех-сервис, действующий в форме микрофинансовой организации, при этом бизнес-модель компании схожа с банковской: средний чек в CarMoney соответствует среднему размеру потребительского кредита. Сервис является лидером в сегменте обеспеченных займов по версии Национального рейтингового агентства.   Ключевая особенность бизнес-модели — транспортное средство как предмет залога: в 2016 году CarMoney первой на рынке запустила сервис по выдаче займов под залог автомобиля, при котором он остается в собственности и пользовании своего владельца. Более 85% всех займов выдается через онлайн-платформу собственной разработки. При этом CarMoney имеет разветвленную сеть партнерских офисов (более 2 000), которая охватывает около 80% регионов России."
?,"materials ОАО «Объединённая компания РУСАЛ» - ведущий производитель алюминия, который предлагает первичный алюминий, сплавы и продукцию с добавленной стоимостью, такую как листовые и круглые слитки, фольгу и упаковочные материалы. РУСАЛ — российская алюминиевая компания, один из лидеров отрасли, контролирующий около 6% мирового производства алюминия и 6% глинозема. Для выпуска более 90% алюминия компания использует электроэнергию из возобновляемых источников, а внедрение инновационных и энергосберегающих технологий позволяет снижать выбросы парниковых газов на всех производственных этапах.  В активы РУСАЛа входят предприятия по добыче бокситов и нефелиновой руды, производству глинозема, алюминия и сплавов, энергоактивов. Деятельность компании имеет широкий географический охват: на пяти континентах в 19 странах мира на предприятиях работает более 75 тысяч человек."
?,"industrials ПАО «Новороссийский комбинат хлебопродуктов» управляет работой грузового терминала для зерновых и оказывает услуги по транспортировке зерновых. Инфраструктура компании включает в себя железные дороги, дороги, гаражи, мастерские, электростанции и лаборатории. Компания ведёт деятельность в России. "
?,"energy ПАО «АНК Башнефть» - поставщик нефти и газа.  Компания исследует, производит и перерабатывает собственную нефть и газ, которые она извлекает из уже существующих месторождений в Российской Федерации, и распространяет нефтепродукты по всему миру и в России через сеть АЗС. "
?,"materials ПАО «Алроса» занимается разведкой, добычей, обработкой и продажей неограненных алмазов, реализуя их в Бельгии, Индии, Израиле, Российской Федерации, Объединенных Арабских Эмиратах, Китае и так далее. АЛРОСА — крупнейшая в мире алмазодобывающая компания, занимается обработкой, продажей алмазов, производством бриллиантов. На компанию приходится более 25% мировой добычи алмазов. Ключевые добывающие активы расположены в Якутии и Архангельской области.  Компания имеет активную поддержку от государства: новый флагманский проект строительства подземного рудника на месторождении «Мир» в Якутии получит господдержку. "
?,"utilities ПАО «МРСК Центра и Приволжья» занимается поставками электроэнергии бытовым и промышленным потребителям. Россети Центр и Приволжье занимается поставками электроэнергии во Владимирской, Ивановской, Калужской, Кировской, Нижегородской, Рязанской, Тульской областях, а также в Республике Марий Эл и Удмуртской Республике. "
?,"industrials  Совкомфлот — крупнейшая судоходная компания России, один из мировых лидеров в области морской транспортировки сжиженного газа, сырой нефти и нефтепродуктов, а также обслуживания и обеспечения морской добычи углеводородов. Рыночная доля компании по морским перевозкам энергоносителей в 2023 году приблизилась к 20%, тогда как в 2021-м была на уровне 5%.  Компания принимает участие в развитии десяти крупномасштабных энергетических проектов в тяжелых климатических условиях: восемь из них располагаются в России, по одному — в Индонезии и Канаде."
?,"it  Диасофт — лидер российского рынка ПО для финансового сектора с долей 24% (по данным за 2022 год) и один из крупнейших российских разработчиков и поставщиков IT-решений для различных отраслей экономики.   Компания присутствует на рынке более 30 лет.   В портфеле Диасофта более 230 IT-продуктов, 196 из них включены в реестр российского ПО. По данным за 2023 год, решениями компании пользуются 8 из топ-10 банков России."
?,"energy ПАО «Татнефть» занимается разведкой, добычей, переработкой и поставкой на рынок сырой нефти. Компания владеет розничной сетью автозаправочных станций, а также экспортирует часть своей нефтехимической продукции в страны бывшего Советского Союза и Европы. Татнефть — одна из крупнейших российских нефтяных компаний, занимается разведкой месторождений, добычей, переработкой и поставкой на рынок нефтепродуктов. Ключевые активы и производственные объекты компании находятся в Татарстане, также ведется разработка месторождений в Калмыкии, Оренбургской, Ульяновской и Самарской областях, Ненецком автономном округе.   Татнефть имеет собственную сеть АЗС, которая насчитывает более 800 станций на территории России, Белоруссии и Узбекистана."
?,"health_care  Артген биотех - биотехнологическая компания. Она разрабатывает и внедряет в практику здравоохранения биомедицинские препараты, вакцины, генную терапию, препараты по направлениям регенеративной медицины и клеточных технологий, а также и изделия медицинского назначения в областях тканевой инженерии и генетических исследований."
?,"industrials ПАО «Научно-производственная корпорация Объединенная Вагонная Компания» оказывает инженерные и транспортные услуги: производит железнодорожные вагоны, управляет транспортным сообщением, предоставляет лизинговые услуги. "
?,"telecom ПАО «Ростелеком» - национальный оператор телекоммуникационных услуг в России с отделениями во всех регионах. Компания предоставляет широкий спектр телекоммуникационных услуг, включая телефонную связь, передачу данных через широкополосную и мобильную сеть, телевидение, облачные и ИТ-решения, бытовым, корпоративным и государственным абонентам. Ростелеком — первый в России национальный оператор фиксированной телефонной связи, созданный в 1993 году. Является крупнейшим в стране провайдером цифровых услуг и решений, ведет деятельность по следующим направлениям: высокоскоростной доступ в интернет, платное ТВ, хранение и обработка данных.  Количество клиентов, пользующихся услугами доступа в интернет, превышает 11,3 млн, платного ТВ — 11,2 млн. Ростелеком — крупный игрок на рынке мобильной связи, обслуживающий 48 млн абонентов. Компания является основным поставщиком цифровых услуг для госсектора, участвует в реализации федерального проекта по устранению цифрового неравенства. "
?,"health_care  Компания ПРОМОМЕД специализируется на разработке и продвижении медицинских препаратов и является авторитетным экспертом в области диабетологии, гинекологии, ревматологии, эндокринологии."
?,"financial  МФК Займер - полностью автоматизированный сервис, выдающий онлайн займы без посещения отделений и принимающий решение, связанное с одобрением заявки клиента, за несколько минут."
?,"telecom ПАО «Мобильные телесистемы» («МТС») является телекоммуникационной группой, предлагающей услуги мобильной и стационарной связи, широкополосного Интернета и платного телевидения. Компания предлагает мобильные услуги пользователями в России, на Украине, в Туркменистане, Армении и Белоруссии. МТС — цифровая экосистема и ведущая компания в России по предоставлению услуг мобильной и фиксированной связи, передачи данных и доступа в интернет, кабельного и спутникового ТВ-вещания. Также это провайдер цифровых сервисов, включая финтех и медиа, поставщик IT-решений в области объединенных коммуникаций, интернета вещей, мониторинга, обработки данных, облачных вычислений и кибербезопасности. Услугами мобильной связи МТС пользуется 86 млн абонентов в России и Беларуси.  МТС предоставляет услуги в более чем 200 городах во всех федеральных округах РФ, услугами охвачено более 10 млн домохозяйств. Также МТС располагает одной из крупнейших в России розничных сетей, в которую входит около 4 300 салонов связи, общее количество экосистемных клиентов МТС превышает 14 миллионов."
?,"health_care  ОЗОН - российская фармацевтическая компания. Она производит генерики - аналоги патентованных готовых лекарственных средств."
?,"utilities ОАО «Территориальная генерирующая компания № 14» занимается выработкой тепловой и электрической энергии, а также её поставкой потребителям на территории бывшей Читинской области. "
?,"energy ПАО «Транснефть» является монопольным оператором нефтепроводов в России. Сеть ее трубопроводов тянется от Восточной Сибири до западной границы страны. «Транснефть» — российская транспортная монополия, оператор магистральных нефтепроводов России.  Основные направления деятельности: - транспортировка нефти и нефтепродуктов по трубопроводной системе на территории России и за её пределами; - диагностические, профилактические и аварийно-восстановительные работы; - координация деятельности по комплексному развитию сети магистральных трубопроводов и других объектов трубопроводного транспорта."
?,"utilities ОАО «Федеральная сетевая компания Единой энергетической системы» осуществляет передачу электроэнергии на дальние расстояния, эксплуатируя единую систему передачи электроэнергии, включая высоковольтные линии электропередач России. Компания обслуживает региональные распределительные компании, поставщиков электроэнергии и крупные промышленные предприятия. "
?,"utilities ПАО «Интер РАО ЕЭС» - диверсифицированная энергетическая холдинговая компания, которая владеет активами в России, Европе и странах СНГ, производит электрическую и тепловую энергию, осуществляет сбыт электроэнергии, ее продажу за границу, а также управление распределительными сетями за пределами России. Интер РАО — одна из ведущих российских энергетических компаний. Занимается производством и сбытом электрической и тепловой энергии, инжинирингом, проектированием и строительством энергообъектов. В активы компании входят 22 крупнейшие электростанции России суммарной установленной электрической мощностью 21,5 ГВт.  Компания занимает третье место в России как по установленной мощности, так и по выработке электроэнергии. Кроме того, Интер РАО — единственный оператор экспорта-импорта электроэнергии в России: поставки осуществляются в Казахстан, Грузию, Китай и другие страны."
?,"consumer ПАО «Группа Черкизово» - производитель мясных изделий на рынке куриного мяса, свинины и продуктов мясопереработки. Оргструктура компании включает объекты для хранения зерна, производства кормов, разведения и убоя скота, мясопереработки и распределения, а стратегия - консолидацию российского мясного рынка через собственный рост, а также слияние и приобретение компаний. Один из крупнейших производителей мясной продукции в России, группа лидирует по совокупному производству мяса птицы, а по производству свинины занимает второе место. "
?,"energy ПАО «Сургутнефтегаз» занимается разведкой месторождений, добычей, транспортировкой, переработкой и реализацией нефти и природного газа из региона Западной Сибири, а также эксплуатацией нефтяных и газовых месторождений, добычей жидких углеводородов и производством пропана, топочного мазута, моторного топлива и основных сортов нефтяного битума. Сургутнефтегаз занимал 12-ю строчку в рейтинге крупнейших компаний-инвесторов России по версии Forbes в 2022 году, у компании одно из крупнейших нефтегазовых производств в стране. Ведет деятельность по разведке и добыче углеводородного сырья. Месторождения расположены в трех нефтегазоносных провинциях — Западно-Сибирской, Восточно-Сибирской и Тимано-Печорской. На компанию приходится более 11% добытой нефти в России, и производство более 6,5% отечественных нефтепродуктов. "
?,"energy ПАО «НОВАТЭК» производит и распространяет газ. Компания занимается разработкой, обработкой, транспортировкой и поставкой на рынок природного газа и жидких углеводородов, а также предлагает разработку месторождений углеводородов, геологоразведку и услуги по переработке газового конденсата. НОВАТЭК — крупнейший независимый производитель природного газа в России. Занимается добычей, переработкой и реализацией природного газа. Ключевые активы компании находятся в Ямало-Ненецком автономном округе — кладовой природного газа, на которую приходится 80% российской добычи и 15% мировых запасов природного газа.   Газ продается не только на внутреннем рынке, но и идет на экспорт в виде СПГ. Компания владеет Ямал СПГ — крупнейшим в России заводом по производству сжиженного газа с объемом добычи 19,6 млн тонн газа в год. Арктик СПГ-2 — второй флагманский проект компании с общим размером капитальных вложений $21,3 млрд. Также планируется строительство нескольких новых заводов. "
?,"consumer  Инарктика — крупнейшая российская компания по выращиванию и товарной реализации лосося и форели. Компания охватывает полный цикл производства: от закупки икры до продажи переработанной рыбы через поставщиков либо напрямую ритейлерам.   В активах компании 34 действующих участка для выращивания лосося и форели, а также 13 ферм в Баренцевом море и Карелии. В феврале 2023 года Инарктика приобрела Архангельский водорослевый комбинат, что позволяет компании диверсифицировать свой бизнес и продуктовую линейку"
?,"financial  МТС Банк — цифровой коммерческий банк с более чем 30-летней историей, оказывает широкий спектр услуг частным лицам и компаниям. Входит в число 30 крупнейших банков России по величине активов.   В своей стратегии МТС Банк делает ставку на быстрый рост розничного бизнеса и услуг для малого и среднего предпринимательства, а также на сочетание удобства и функциональности цифровых каналов с физической доступностью своих офисов по всей России. Сайт МТС Банка — победитель конкурса «Рейтинг Рунета — 2023». Клиентская база банка насчитывает почти 4 млн пользователей."
?,"financial ПАО «Московская Биржа ММВБ-РТС» управляет площадкой для торговли акциями, облигациями, производными инструментами, валютой и инструментами денежного рынка, предоставляет клиринговые, расчетные, депозитарные, информационные услуги, а также программные решения и пр. информационно-технологическое обеспечение на российском рынке ценных бумаг. Московская биржа — крупнейший российский биржевой холдинг. Является организатором торгов акциями, облигациями, производными инструментами, валютой, инструментами денежного рынка,  углеродными единицами, драгоценными металлами, зерном и сахаром. В состав холдинга также входят центральный депозитарий (НКО АО «Национальный расчетный депозитарий», сокращённо — НРД) и клиринговый центр (НКО «Национальный клиринговый центр», сокращённо — НКЦ).  Компания опубликовала результаты деятельности за второй квартал 2023 года: комиссионные доходы выросли на 48% г/г, до 11,9 млрд рублей за счет роста оборотов на фондовом рынке и низкой базы прошлого года. Показатель EBITDA вырос на 44% г/г, до 16,3 млрд рублей. Чистая прибыль увеличилась на 46% г/г до 12,1, млрд рублей."
?,"materials ПАО «Русолово» - российская холдинговая компания. "
?,"consumer  Ozon — мультикатегорийный маркетплейс, с развитой логистической сетью. Компания входит в топ-5 крупнейших российских ритейлеров и развивает бизнес в России, странах СНГ, Китае и Турции. По итогам первой половины 2023 года оборот маркетплейса превысил 675 млрд рублей. На Ozon торгует более 300 000 продавцов, которые предлагают на площадке более 200 млн товарных наименований. Платформу ежемесячно посещает более 65 млн пользователей Рунета, а число ее активных покупателей достигло 40 млн человек.   Ozon активно развивает систему сервисов, в числе которых собственный банк, а также сервисы быстрой доставки продуктов и бронирования путешествий."
?,"utilities OGK-2 PAO - это интегрированная энергетическая компания. <p>Оптовая генерирующая компания &#8470;&nbsp;2 (<nobr>ОГК-2</nobr>)&nbsp;&mdash; российская энергетическая компания, созданная в&nbsp;результате реформы Р<nobr>АО &laquo;ЕЭС России&raquo;</nobr>. Основными видами деятельности П<nobr>АО &laquo;ОГК-2&raquo;</nobr> являются производство и&nbsp;продажа электрической и&nbsp;тепловой энергии. Основным рынком сбыта является оптовый рынок электрической энергии (мощности).</p><div class='website'><div class='website__hint'>Финансовая информация на сайте компании для инвесторов:</div><a href='http://www.ogk2.ru/rus/si/' class='website__link' target='_blank'><img height='30' src='https://static.tinkoff.ru/brands/traiding/RU000A0JNG55x640.png'/> <div class='website__link-text'>www.ogk2.ru</div></a></div><table width='100%'><tr><td>Оборот</td><td>112,23 млрд руб. (2015)</td></tr><tr><td>Операционная прибыль</td><td>3,91 млрд руб. (2015)</td></tr><tr><td>Чистая прибыль</td><td>2,59 млрд руб. (2015)</td></tr><tr><td>Активы</td><td>215,37 млрд руб. (31.12.2015)</td></tr></table></p><p class='extra'>Официальный сайт компании: <a href='http://www.ogk2.ru/' target='_blank'>http://www.ogk2.ru/</a>.<br>Страница компании на&nbsp;<a href='https://ru.wikipedia.org/wiki/%D0%9E%D0%BF%D1%82%D0%BE%D0%B2%D0%B0%D1%8F_%D0%B3%D0%B5%D0%BD%D0%B5%D1%80%D0%B8%D1%80%D1%83%D1%8E%D1%89%D0%B0%D1%8F_%D0%BA%D0%BE%D0%BC%D0%BF%D0%B0%D0%BD%D0%B8%D1%8F_%E2%84%96_2' target='_blank'>Wikipedia</a>.</p>"
?,"industrials Globaltrans Investment PLC предлагает услуги ж/д грузоперевозок в России, странах СНГ и странах Балтики. Компания сдает в аренду ж/д цистерны и предлагает вспомогательные услуги клиентам, работающим в сфере металлургии и горно-добывающей промышленности, в сфере производства нефтепродуктов и в других отраслях. "
?,"energy ПАО «Сургутнефтегаз» занимается разведкой месторождений, добычей, транспортировкой, переработкой и реализацией нефти и природного газа из региона Западной Сибири, а также эксплуатацией нефтяных и газовых месторождений, добычей жидких углеводородов и производством пропана, топочного мазута, моторного топлива и основных сортов нефтяного битума. Сургутнефтегаз занимал 12-ю строчку в рейтинге крупнейших компаний-инвесторов России по версии Forbes в 2022 году, у компании одно из крупнейших нефтегазовых производств в стране. Ведет деятельность по разведке и добыче углеводородного сырья. Месторождения расположены в трех нефтегазоносных провинциях — Западно-Сибирской, Восточно-Сибирской и Тимано-Печорской. На компанию приходится более 11% добытой нефти в России, и производство более 6,5% отечественных нефтепродуктов. "
?,"financial ПАО «Московский кредитный банк» предлагает различные основные виды услуг, включая, корпоративное кредитование, лизинг, факторинг, автокредиты, ипотечное кредитование, платежи и денежные переводы, трейдинг и схемы финансирования, международные расчеты, еврооблигации и так далее. ПАО «Московский кредитный банк» предлагает различные основные виды услуг, включая, корпоративное кредитование, лизинг, факторинг, автокредиты, ипотечное кредитование, платежи и денежные переводы, трейдинг и схемы финансирования, международные расчеты, еврооблигации и так далее."
?,"materials ПАО «Ашинский металлургический завод» производит сталь, а именно: толстолистовой прокат, нержавеющую сталь, а также столовые приборы из нержавеющей стали, кухонную утварь и термосы. "
?,"consumer ПАО «Абрау-Дюрсо» - российская винодельческая компания, располагающаяся в Новороссийске. Компания занимается производством игристых вин, а также предоставляет услуги общественного питания и гостиничные услуги. Группа компаний «Абрау-Дюрсо» выпускает игристые вина, произведенные по классической технологии и методом Charmat, тихие вина, а также сидр, крепкие алкогольные напитки, безалкогольные газированные напитки и артезианскую воду."
?,"real_estate ПАО «Группа Компаний ПИК» занимается строительством объектов жилой недвижимости, продает готовое жилье и осуществляет поддержку своего жилья как самостоятельно, так и с помощью других компаний. В основном группа работает в Московской области. ГК ПИК — крупнейшая российская строительная компания, занимается девелопментом и обслуживанием доступного панельного жилья. С 1994 года ПИК построила 30 млн м² жилья, обеспечив квартирами 2 млн человек.   В 2021 году ПИК вывела в продажу 22 новых проекта и 152 новых корпуса, а также ввела в эксплуатацию более 3 млн м² жилья. Компания реализовала недвижимость на сумму 451 млрд рублей. В этом же году ПИК запустила под собственным брендом производство мебели, которой будут комплектоваться квартиры в собственных проектах. Текущая мощность производства — 23 тысячи кухонь и 20 тысяч комплектов систем хранения в год."
?,"energy НК Роснефть занимается добычей, переработкой и поставками на рынок нефти и природного газа. Роснефть добывает нефть в Западной Сибири, на Сахалине, Северном Кавказе и в арктических районах России. НК Роснефть — лидер нефтяной отрасли в России, одна из крупнейших нефтяных компаний в мире. Занимается добычей нефти и газа в Западной Сибири, на Сахалине, Северном Кавказе и в арктических районах России.  В активы компании входит 18 нефтеперерабатывающих заводов, расположенных в ключевых регионах России, а также в Германии, Белоруссии и Индии, что делает ее лидером нефтепереработки в стране. Сбытовая сеть компании охватывает 70% страны."
?,"industrials  ЕвроТранс управляет сетью АЗС в Москве и Московской области под брендом ТРАССА."
?,"materials ПАО «ТМК» производит трубы, а именно нефтепромысловые трубы (OCTG) и трубы для магистральных трубопроводов и для промышленного использования, а также предлагает услуги в области термообработки, защитного покрытия, высококачественной прокладки соединений и складирования. Компания обслуживает клиентов по всему миру. ТМК — крупнейший производитель и экспортер трубной продукции в России, входит в топ-3 мировых производителей бесшовных труб. Деятельность компании охватывает разные сферы, от энергетики до машиностроения, но преимущественно ТМК работает с нефтегазовым сектором, который приносит ей около 80% выручки.   Помимо услуг, связанных с трубами и трубными решениями, компания предоставляет своим клиентам ремонтный сервис, инженерное сопровождение и другие сопутствующие услуги. У компании более 50 заводов и сервисных предприятий в разных регионах России."
?,"it  Софтлайн — один из лидеров российского IT-рынка с более чем 30-летней историей, широким региональным присутствием в 25 представительствах по всей стране. Является поставщиком решений и сервисов в области цифровой трансформации и информационной безопасности.   Это одна из самых быстрорастущих компаний в отрасли: в 2022 году ее оборот превысил 70 млрд рублей, а услугами по цифровой трансформации бизнеса воспользовались около 100 тысяч корпоративных клиентов."
?,"utilities ОАО «Межрегиональная распределительная сетевая компания Урала» - интегрированная энергетическая компания, которая через дочерние предприятия занимается производством и поставками электроэнергии промышленным и бытовым потребителям. ПАО «Россети Урал» - российская электросетевая компания. Она работает на территории Свердловской, Челябинской областей, а также Пермского края."
?,"materials  "
?,"materials ПАО «Северсталь» является сталелитейной и горнодобывающей компанией, которая имеет три основных рабочих дивизиона: «Северсталь Ресурс», «Северсталь Российская Сталь» и «Северсталь Интернэшнл». «Северсталь» — вертикально-интегрированная горно-металлургическая компания, создающая новые продукты и комплексные решения из стали вместе с клиентами и партнерами.   Компания контролирует все этапы создания стоимости – от добычи железной руды и выплавки стали до производства готовой продукции, дистрибуции, создания готовых комплексных решений для потребителей, а также сервисного обслуживания.   Продукция - это высококачественный металлопрокат, стальные трубы, метизы, железорудное сырье и здания из металлоконструкций.  Все активы «Северстали» расположены в России и включают в себя сталелитейные и прокатные производства в Череповце, завод по производству труб большого диаметра в Колпино, метизные компании, а также ресурсные активы, выпускающие широкий спектр железорудной продукции, в Белгородской, Мурманской областях и в Карелии."
?,"materials  "
?,"real_estate ПАО «Группа ЛСР» производит строительные материалы и занимается строительством недвижимости. Компания извлекает и обрабатывает строительные материалы, а также строит крупнопанельные дома массового производства и элитное жилье. "
?,"financial  ТКС Холдинг – инновационный провайдер цифровых финансовых и лайфстайл-услуг. С момента основания в 2006 году Группа разработала полный комплекс технологических решений и услуг в таких сферах, как интернет-банкинг, брокерские услуги, торговый эквайринг и другие сервисы для продавцов, страхование, банковские услуги в сегменте МСБ и многое другое.  Группа обслуживает более 40 млн розничных клиентов и более 1 млн клиентов в сегменте малого и среднего бизнеса.  Информация о наличии условий для возможного возникновения конфликта интересов: Брокер входит в одну группу Эмитента, распространяет информацию о деятельности Эмитента и получает выгоду (вознаграждение) за исполнение поручений Инвесторов на совершение сделок с акциями Эмитента. Для снижения риска возникновения конфликта интересов: Брокер распространяет достоверную информацию, раскрытую Эмитентом, а при исполнении поручений – руководствуется исключительно интересами Инвестора. "
?,"consumer  ВсеИнструменты.ру — крупнейший онлайн-игрок на российском DIY-рынке. По итогам 2023 года компания лидирует по глубине ассортимента с более чем 1,5 млн товарных позиций и географическому покрытию, которое охватывает более 300 городов России.   Среди мировых конкурентов компания занимает первое место по темпам роста выручки и рентабельности EBITDA, а ее услугами пользуются более 4,6 млн активных клиентов. ВИ.ру занимает 7 место в рейтинге Топ-100 крупнейших российских интернет-магазинов по оценке Data Insight (2024)."
?,"consumer ПАО «Соллерс» управляет производством автомобилей.  Компания является держателем контрольного пакета акций УАЗа, Ульяновского автомобильного завода, и ЗМЗ, Заволжского моторного завода. "
?,"telecom ПАО «Ростелеком» - национальный оператор телекоммуникационных услуг в России с отделениями во всех регионах. Компания предоставляет широкий спектр телекоммуникационных услуг, включая телефонную связь, передачу данных через широкополосную и мобильную сеть, телевидение, облачные и ИТ-решения, бытовым, корпоративным и государственным абонентам. Ростелеком — первый в России национальный оператор фиксированной телефонной связи, созданный в 1993 году. Является крупнейшим в стране провайдером цифровых услуг и решений, ведет деятельность по следующим направлениям: высокоскоростной доступ в интернет, платное ТВ, хранение и обработка данных.  Количество клиентов, пользующихся услугами доступа в интернет, превышает 11,3 млн, платного ТВ — 11,2 млн. Ростелеком — крупный игрок на рынке мобильной связи, обслуживающий 48 млн абонентов. Компания является основным поставщиком цифровых услуг для госсектора, участвует в реализации федерального проекта по устранению цифрового неравенства. "
?,"industrials ПАО «КАМАЗ» специализируется на производстве грузовых автомобилей,     а также дизельных двигателей, бронированных автомобилей, прицепов, малогабаритных автомобилей, автобусных шасси, отливки, горячей объемной и листовой штамповки, инструментов и блоков управления. Компания также сдает в аренду автомобили и оборудование. «КАМАЗ» — крупнейший российский производитель грузовых автомобилей, дизельных двигателей и прицепов.   Входит в двадцатку ведущих мировых производителей тяжелых грузовых автомобилей. По итогам 2020 года занял 14-е место в мире по объему производства.   «КАМАЗ» производит 71 000 автомобилей в год. Выручка по итогам 2021 года составила 271,8 млн рублей, превысив уровень прошлого года на 25%, а чистая прибыль — 4,6 млн рублей."
?,"consumer  Fix Price — крупнейшая российская сеть магазинов в сегменте низких фиксированных цен. Под брендом работает более 5 600 магазинов в России и на шести зарубежных рынках: в Беларуси и Казахстане представлены собственные магазины, а в Узбекистане, Латвии, Грузии и Киргизии сеть развивается за счет франчайзинга.  За 2022 год компания нарастила сеть торговых площадок на 15%, открыв 759 новых магазинов. Fix Price предлагает широкий ассортимент товаров повседневного спроса: около двух тысяч товарных позиций в 20 различных категориях. "
?,"energy  ПАО ЭЛ5-Энерго обеспечивает электро- и тепло снабжение промышленных предприятий и бытовых потребителей в Тверской и Свердловской областях, а также в Ставропольском крае."
?,"consumer ООО «РосАгро» - сельскохозяйственная компания, которая участвует в производстве сахара, масла и жиров, мяса, а также в сельскохозяйственных проектах. Русагро — крупнейший агрохолдинг в России, занимает лидирующие позиции в 4 сегментах: растениеводстве, производстве масла, сахара и мяса. Группа входит в топ-10 российских компаний-землевладельцев с объемом земельного банка в 685 тыс. га, что превышает площадь Москвы более чем в 2,5 раза.  Компания развивает бизнес в 15 областях России. Большая часть активов находится в европейской части, есть производственные площадки на Дальнем Востоке, что обеспечивает региональную диверсификацию бизнеса. Группа реализует продукцию почти во всех российских областях, экспортные потоки охватывают более чем 20 стран."
?,"it  "
?,"it  Яндекс — ведущая российская технологическая компания, которая создает инновационные продукты и сервисы на основе машинного обучения и нейронных сетей. <br><br> Основные бизнес-направления компании  — поиск и портальные сервисы, электронная коммерция, сервисы объявлений, сервисы онлайн-заказа такси и заказа еды, автономные автомобили, роботы-доставщики и сервисы развлечений. Яндекс также предлагает продукты для рекламодателей и владельцев бизнеса, развивает образовательные и научные проекты."
?,"real_estate  ГК Самолет — одна из крупнейших федеральных корпораций в сфере PropTech и девелопмента. Портфель компании включает 43 проекта, а земельный банк составляет более 28 млн кв. м. Группа входит в число системообразующих организаций российской экономики и занимает первое место в Москве по объемам текущего строительства и второе место в России. Компания активно развивает свою онлайн-платформу, фонды коммерческой и арендной недвижимости и другие."
?,"energy ПАО «АНК Башнефть» - поставщик нефти и газа.  Компания исследует, производит и перерабатывает собственную нефть и газ, которые она извлекает из уже существующих месторождений в Российской Федерации, и распространяет нефтепродукты по всему миру и в России через сеть АЗС. "
?,"consumer ПАО «Аэрофлот - российские авиалинии» предоставляет услуги авиаперевозок. Компания предлагает информацию о рейсах, прокат автомобилей, услуги онлайн регистрации, управление флотом, а также обработку грузов и обслуживает клиентов по всему миру. Аэрофлот — крупнейшая авиакомпания России, одна из старейших в мире, основанная в 1923 году. За свою историю 9 раз выигрывала премию лучшей авиакомпании Восточной Европы от Skytrax World Airline Awards. По итогам 2021 года компания перевезла 21,4 млн пассажиров на 356 воздушных судах.  Государство оказывает существенную помощь компании: на поддержку лизинга самолетов будет выделено 175 млрд рублей в 2023 году, также активно ведется работа по импортозамещению — в сентябре 2022 года ОАК и Аэрофлот подписали соглашение на поставку 339 самолетов. "
?,"it  Циан —  сервис для аренды, покупки и оценки стоимости недвижимости в России, а также для расчета ипотеки. В приложении можно найти квартиры в новостройках или во вторичном жилье, коттеджи, коммерческую недвижимость и пр. Объявления на сервисе проверяются командой модераторов с целью сокращения случаев предоставления недостоверной информации."
?,"financial ПАО «Сбербанк» России привлекает депозиты и предлагает банковские услуги для коммерческих организаций, а также услуги срочных депозитов, корпоративные банковские и брокерские услуги по ценным бумагам, кредитные, валютные услуги и выступает поручателем по кредитным картам. СберБанк — крупнейший банк в России, Центральной и Восточной Европе, один из ведущих международных финансовых институтов. Сбер также является системно значимым банком и одной из крупнейших экосистем страны.   У компании более 109 млн активных частных клиентов и 3 млн активных корпоративных клиентов в России. Отделения Сбербанка представлены практически во всех населенных пунктах, а общее их число свыше 13 тысяч. Сбер — это флагман российского фондового рынка, как по капитализации, так и по дивидендам, которые компания выплачивает. "
?,"health_care  Центр Генетики и Репродуктивной Медицины «ГЕНЕТИКО» — это комплекс лабораторий, оказывающий широкий спектр медико-генетических услуг.   Компания обслуживает как пациентов, так и врачей.   В лаборатории можно сдать генетические анализы и получить консультацию по их результатам."
?,"consumer ПАО «М.Видео» управляет сетью розничных магазинов бытовой электроники и техники. Компания продает аудио и видео продукцию, кухонную технику, компьютеры и офисное оборудование, телефоны, фильмы, музыкальные записи и игрушки. М.Видео — крупнейшая в России сеть по продаже бытовой техники и электроники, объединяет розничные бренды М.Видео и Эльдорадо. Компания является одним из пионеров онлайн-ритейла в России: первый интернет-магазин М.Видео был открыт в 2001 году, а с 2014 года компания начала внедрение омниканальной бизнес-модели.  В 2021 году компания объединяла 1 137 магазинов в 314 городах России. Оборот М.Видео в 2021 году превысил 570 миллиардов рублей, при этом доля онлайн-продаж составила 68%, что делает компанию одним из крупнейших игроков онлайн-торговли в России."
?,"industrials  "
?,"materials ПАО «Мечел» участвует в 4 сегментах бизнеса, включающих горнодобычу, производство стали, ферросплавов и энергии.  Его предприятия занимаются производством угля, железнорудного концентрата, никеля, стали, феррохрома, ферросицилия, прокатных и скобяных изделий, электрической и тепловой энергии. "
?,"it  IVA Technologies - один из крупных игроков российского IT-рынка, разработчик экосистемы корпоративных коммуникаций IVA.  В экосистему IVA входят: корпоративный мессенджер IVA Connect, платформа видеоконференцсвязи IVA MCU, облачная платформа видеоконференцсвязи «ВКурсе», помощник, основанный на технологии искусственного интеллекта IVA GPT, система управления и мониторинга IVA MS, сервер корпоративной телефонии IVA CS, серия IP-телефонов, видеотерминалы IVA Room и IVA Largo, пограничный контроллер сессий IVA SBC и другие продукты."
?,"materials ПАО «Акрон» - это вертикально-интегрированная российская компания по производству широкого ассортимента минеральных удобрений: NPK и смешанные удобрения, а также азотные удобрения, например, мочевина, аммиачная селитра и мочевино-аммониевый нитрат. "
?,"health_care Мать и дитя — сеть медучреждений под управлением кипрской компании MD Medical, является одним из лидеров российского рынка частных медицинских услуг. Компания была создана в 2006 году акушером-гинекологом Марком Курцером и сейчас занимает ведущее место в России в сфере женского и детского здоровья.  В активы компании входят 11 высокотехнологичных госпиталей, 44 клиники и 1 медицинский университет. Медицинские учреждения специализируются на широком спектре медицинской помощи, оказывая услуги как в области репродуктивной медицины, женского здоровья и педиатрии, так и в лечении социально-значимых заболеваний, в том числе онкологии и кардиологии. По итогам 2022 года заняла вторую строчку в рейтинге Forbes «20 крупнейших медицинских компаний — 2022» с выручкой 25 млрд рублей. Мать и дитя — один из лидеров российского рынка частных медицинских услуг. Компания была создана в 2006 году акушером-гинекологом Марком Курцером и сейчас занимает ведущее место в России в сфере женского и детского здоровья.  В активы компании входят 11 высокотехнологичных госпиталей, 44 клиники и 1 медицинский университет. Медицинские учреждения специализируются на широком спектре медицинской помощи, оказывая услуги как в области репродуктивной медицины, женского здоровья и педиатрии, так и в лечении социально-значимых заболеваний, в том числе онкологии и кардиологии. По итогам 2022 года заняла вторую строчку в рейтинге Forbes «20 крупнейших медицинских компаний — 2022» с выручкой 25 млрд рублей."
?,"energy ОАО «Газпром» управляет системами трубопроводов, занимается разведкой месторождений и добычей газа, а также транспортировкой газа по газопроводам высокого давления по территории Российской Федерации и в европейские страны. Компания также занимается добычей и переработкой нефти, хранением природного газа и выработкой электро- и тепловой энергии. «Газпром» — глобальная энергетическая компания, кладовая мировых запасов природного газа. На нее приходится 12% мировой и 68% российской добычи газа.  Входит в четвёрку крупнейших российских производителей нефти и является самой прибыльной российской компанией в 2022 году по версии Forbes.  Газпром реализует более половины газа на внутреннем рынке, а также занимается его поставками в более чем 30 стран ближнего и дальнего зарубежья. В настоящее время компания активно реализует масштабные проекты по освоению газовых ресурсов арктического шельфа, Восточной Сибири и Дальнего Востока, а также ряд проектов по разведке и добыче углеводородов за рубежом."
?,"financial ПАО «Сбербанк» России привлекает депозиты и предлагает банковские услуги для коммерческих организаций, а также услуги срочных депозитов, корпоративные банковские и брокерские услуги по ценным бумагам, кредитные, валютные услуги и выступает поручателем по кредитным картам. СберБанк — крупнейший банк в России, Центральной и Восточной Европе, один из ведущих международных финансовых институтов. Сбер также является системно значимым банком и одной из крупнейших экосистем страны.   У компании более 109 млн активных частных клиентов и 3 млн активных корпоративных клиентов в России. Отделения Сбербанка представлены практически во всех населенных пунктах, а общее их число свыше 13 тысяч. Сбер — это флагман российского фондового рынка, как по капитализации, так и по дивидендам, которые компания выплачивает. "
?,"consumer  Лента является одним из ведущих российских ритейлеров и крупнейшим оператором более 250 гипермаркетов. Под управлением сети находится около 500 магазинов малых форматов более чем в 200 городах России, а также 15 распределительных центров. Из последних сделок — покупка сети магазинов «у дома» Монетка, в которую входит 2 120 точек преимущественно на Урале и в Западной Сибири."
?,"financial ПАО «Банк Санкт-Петербург» предлагает разнообразные банковские услуги корпоративным и частным клиентам. "
?,"it  Группа Астра — один из лидеров российского IT-рынка и ведущий производитель защищенного инфраструктурного ПО среди отечественных разработчиков. Компания развивает собственную экосистему из более чем 22-х IT-решений с флагманским продуктом — операционной системой Astra Linux.  Это первая публичная компания на российском рынке инфраструктурного ПО и бенефициар ухода иностранных разработчиков из России. Продукты и сервисы компании уже активно используются в ключевых отраслях экономики: транспорте, промышленности, образовании, а также в государственном и финансовом секторах. "
?,"financial  Группа Ренессанс страхование является одним из крупнейших независимых страховщиков в России, их услугами пользуется более 4 млн клиентов. В онлайн сегменте компания занимает первое место.  Группа имеет многолетний успешный опыт внедрения инноваций, создав ведущую независимую цифровую страховую платформу в России для всех ключевых сегментов страхования.  В группу входит: - Ренессанс страхование - Ренессанс жизнь - Budu"
?,"utilities ПАО «Межрегиональная Распределительная Сетевая Компания Центра» (также известная как «МРСК Центра») занимается поставками электроэнергии, подключением новых потребителей к электросети, разработкой и установкой интеллектуальных измерительных систем и предоставлением других услуг в нескольких областях центральной европейской части России. Россети Центр осуществляет деятельность по передаче и распределению электроэнергии на российском рынке, в основном на территории Центрального федерального округа."
?,"it  Positive Technologies — один из лидеров в сфере кибербезопасности на российском рынке, ее технологии и сервисы использует более 3 300 организаций по всему миру, в том числе 80% клиентов из рейтинга Эксперт-400 — списка крупнейших российских компаний.   Это первая публичная компания из сферы кибербезопасности в России, она провела единственное в 2022 году вторичное размещение акций на Мосбирже — крупнейшее по числу участников на этой площадке за последние 15 лет. При этом компания остается одним из бенефициаров ухода из России иностранных разработчиков средств защиты."
?,"energy ПАО «Газпром нефть» - интегрированная нефтяная компания, выполняющая разведочные работы, добычу, транспортировку и продажу сырой нефти и газа. Компания участвует в переработке нефти, маркетинге нефтепродуктов, оказывает нефтепромысловые услуги, занимается разведкой скважин, а также продает свою продукцию через торговые сети в России и экспортирует по всему миру. Газпром нефть входит в тройку крупнейших компаний в России по объему добычи и переработки нефти, занимается разведкой месторождений нефти и газа в ключевых регионах Сибири. В активы компании входит более 70 предприятий, основные производственные мощности находятся в Омске, Москве и Ярославле. Зарубежные активы по добыче нефти и газа находятся в странах Европы — Румынии, Сербии, Боснии и Герцеговине.   Газпром нефть имеет обширную сеть автозаправочных станций в России и за рубежом — более 2 400 АЗС. Кроме того, продуктовая линейка компании диверсифицирована топливом для морского транспорта и авиационным керосином. "
?,"telecom  "
?,"energy ПАО НК «РуссНефть» занимается разведкой и добычей нефти и газа. Компания обслуживает клиентов по всей территории России. "
?,"consumer ПАО «Аптечная сеть 36,6» управляет работой сети розничных аптек, а также владеет компанией «Верофарм», которая занимается производством брендовых и небрендовых лекарственных средств, в том числе для лечения рака, а также пластырей и витаминов. У компании более полутора тысяч аптек. Здоровая, динамичная компания.\n\nВ 2016 году Консолидированные продажи компании составили более пятидесяти миллиардов рублей. "
?,"it QIWI plc - это оператор мгновенных платежей, который позволяет продавцам принимать оплату и электронные платежи через виртуальные кошельки, а также управляет сетью терминалов и киосков по приему наличных. "
?,"utilities ПАО «РусГидро» вырабатывает электроэнергию. Компания владеет и управляет деятельностью сети гидроэлектростанций. Русгидро — крупнейшая в России и вторая в мире гидрогенерирующая компания по установленной мощности. Имеет в собственности более 60 гидроэлектростанций, среди наиболее значимых — крупнейшая в стране Саяно-Шушенская ГЭС, а также крупнейшая в Европе водно-транспортная сеть, включающая девять станций Волжско-Камского каскада.   Компания занимается производством энергии более чем на 600 объектах на основе возобновляемых источников — энергии водных потоков, солнца, ветра и геотермальной энергии. Деятельность компании охватывает 35% регионов России, преимущественно Сибирь."
?,"materials ПАО «Новолипецкий металлургический комбинат» - это вертикально-интегрированная сталелитейная компания, которая производит плоский и сортовой прокат, использующийся в различных отраслях, от строительства и машиностроения до производства оборудования для выработки электроэнергии и береговых ветряных мельниц. НЛМК — одна из крупнейших в мире металлургических компаний, производящая 19% мировых стальных заготовок. Компания добывает сырье и производит сталь в низкозатратных регионах, изготовление готовой продукции осуществляется в непосредственной близости от основных потребителей в России, Северной Америке и странах ЕС.  Общие мощности по производству продукции превышают 17 млн тонн, на собственных активах перерабатывается до 90% всей производимой стали. Благодаря увеличению цен реализации и повышению доли готовой продукции в портфеле продаж НЛМК за 2021 год увеличил выручку на 75% относительно предыдущего года — до $16 млрд. Чистая прибыль компании выросла в 4 раза, до $5 млрд."
?,"consumer  Novabev Group — один из ведущих игроков алкогольного сектора российской экономики, лидер по производству крепкого алкоголя: водки, коньяка, виски и ликеро-водочных изделий. В активах компании семь производственных комплексов, а продуктовая линейка представлена более 100 партнерскими и более 50 собственными брендами, три из которых — Беленькая, Архангельская и Царь — вошли в рейтинг 30 самых продаваемых водок в мире по версии The Millionaires’ Club в 2023 году.  С 2011 года компания также сделала упор на дистрибуцию, стали открываться магазины сети Винлаб. В 2023 году масштаб собственной розничной сети превысил планку в 1 650 торговых точек, а общая аудитория программы лояльности превысила 7,0 млн человек."
?,"financial ПАО «ЭсЭфАй» - инвестиционная холдинговая компания, которая предоставляет лизинговые, страховые и финансовые услуги компаниям сектора услуг в России. ПАО «ЭсЭфАй» - инвестиционная холдинговая компания, которая предоставляет лизинговые, страховые и финансовые услуги компаниям сектора услуг в России."
?,"industrials ПАО «Дальневосточное морское пароходство» - российская транспортно-логистическая компания, занимающаяся перевозкой грузов водным, железнодорожным и автомобильным транспортом, формированием портовой и наземной инфраструктуры. Компания предлагает комплексные решения по контейнерной, общей и проектной грузоперевозке. "
?,"materials ПАО «Распадская» - это компактный интегрированный комплекс по добыче и обогащению угля, расположенный в Кемеровской области РФ. Распадская — один из лидеров среди производителей и экспортеров коксующегося угля в России, компания с 50-летней историей. Ключевые активы располагаются в Кемеровской области и республике Тыва, где находятся 8 шахт, 2 разреза и 3 обогатительные фабрики.  Среди клиентов компании — крупнейшие металлургические комбинаты России и Азии. А с 2022 года Распадская активно использует возможности для наращивания объемов поставок в Индию."
?,"materials  Segezha Group — ведущий лесопромышленный холдинг в РФ, сформированный в 2014 году. Объединяет 50 предприятий лесной, деревообрабатывающей и целлюлозно-бумажной промышленности в 13 странах. Компания фокусируется на экологичной технологии переработки древесины и безотходном использовании сырья.  Занимает второе место в Европе по объему производства бумажных мешков, третье место в мире по объему производства коричневой мешочной бумаги и пятое место в мире по объему производства большеформатной березовой фанеры."
?,"utilities ПАО «Ленэнерго» занимается производством и поставками электрической и тепловой энергии российским потребителям в Санкт-Петербурге и Ленинградской области. "
?,"materials ПАО «ГМК Норильский Никель» производит никель, палладий, платину и медь, различные побочные продукты, например, кобальт, родий, серебро, золото, иридий, рутений, селен, теллур и серу. Норникель — российская горно-металлургическая компания, мировой лидер по производству никеля, палладия и платины. Продуктовая линейка компании построена в соответствии с мировым спросом на металлы, что обеспечивает ее востребованность на рынке.   Продукция компании поставляется в 34 страны. К 2030 году Норникель планирует реализовать амбициозную стратегию по увеличению производства никеля и меди относительно 2017 года на 25—35%, а металлов платиновой группы — на 50—60%."
?,"health_care  "
?,"utilities ПАО «Юнипро» вырабатывает электроэнергию и управляет сетью тепловых электростанций Юнипро — одна из крупнейших и наиболее эффективных компаний в секторе тепловой генерации электроэнергии в РФ. Основной вид деятельности — производство и продажа электрической энергии, мощности и тепловой энергии. Компания была создана в результате реформы РАО ЕЭС России. В состав Юнипро входит пять тепловых электрических станций общей мощностью 11 тысяч МВт."
?,"utilities ПАО «Мосэнерго», также известная как ТГК-3, производит и поставляет электрическую и тепловую энергию на территории Москвы и Московской области. Компания имеет монополию на московском рынке электроэнергии и поставляет электроэнергию на оптовый рынок. Компания управляет своими филиалами, электростанциями и электросетями. <p>П<nobr>АО &laquo;Мосэнерго&raquo;</nobr> (Территориальная генерирующая компания &#8470;&nbsp;3, <nobr>ТГК-3</nobr>)&nbsp;&mdash; российская энергетическая компания. Крупнейшая по&nbsp;основным показателям деятельности территориальная генерирующая компания. В&nbsp;состав компании входят 15 электростанций. Годом основания принято считать 1887 год (рождение энергосистемы Московского региона), когда началась практическая деятельность по&nbsp;электрификации Москвы.</p><p>Страница компании на <a href='https://ru.wikipedia.org/wiki/%D0%9C%D0%BE%D1%81%D1%8D%D0%BD%D0%B5%D1%80%D0%B3%D0%BE' target='_blank'> Wikipedia</a>.<br>Официальный сайт компании:  <a href='http://www.mosenergo.ru/' target='_blank'>http://www.mosenergo.ru/</a><br><a href='http://www.mosenergo.ru/investors/' target='_blank'>Инвесторам, финансовая информация</a>.</p>"
?,"financial ПАО  «АФК Система» - это официально зарегистрированная на бирже инвестиционная компания, учрежденная в России. Она владеет различными контрольными пакетами акций открытых и частных компаний, которые разделены на две группы: профильные активы и развивающиеся активы. АФК Система — крупнейшая в России публичная инвестиционная компания, основанная в 1993 году. В портфель активов входят преимущественно российские компании более чем из 15 отраслей экономики: МТС — наиболее значимый актив в сфере телекоммуникаций, Медси — медицина, Segezha Group — лесная промышленность, Ozon — ритейл и маркетплейс, Etalon Group — строительство и девелопмент и другие активы."
?,"materials ПАО «Полюс» - горнодобывающая компания, которая ведет разведку, разработку и добычу золота в России. ПАО «Полюс» — крупнейший производитель золота в России, входит в топ-5 ведущих мировых золотодобывающих компаний. Компания обладает значительными активами, включая 5 рудников в Западной и Восточной Сибири. «Полюс» занимает 1 место в мире по объему запасов золота в 108 млн унций, что является фундаментом для долгосрочного роста производства в будущем.   Конкурентное преимущество «Полюса» — наличие качественных месторождений с высоким содержанием золота, благодаря чему компания имеет одни из самых низких затрат на добычу среди мировых конкурентов.   Из 5 крупнейших проектов «Полюса» значительной перспективой обладает развитие проекта «Сухой лог» — месторождение с запасами в 40 млн унций золота является одним из крупнейших в мире и составляет 40% от запасов компании, его запуск ожидается к 2027 г."
?,"energy ПАО «ЛУКОЙЛ» занимается разведкой, добычей, переработкой, транспортировкой и поставками на рынок нефти и газа в основном из Западносибирского региона. Компания также производит нефтехимические продукты, топливо и другие нефтепродукты, управляет сетью НПЗ и автозаправочных станций в России и США, транспортирует нефть по трубопроводам и нефтепродукты на своих кораблях. ЛУКОЙЛ — одна из крупнейших нефтегазовых компаний в мире, на ее долю приходится 2% мировой добычи нефти и 1% доказанных запасов углеводородов. Компания представлена более чем в 30 странах, а в России ее деятельность охватывает около 70% регионов.   Значительную часть нефтепродуктов ЛУКОЙЛ реализует на розничном рынке через диверсифицированную сбытовую сеть, которая состоит из 5 309 АЗС и 132 нефтебаз в 18 странах мира. В 2022 году компания осуществила несколько крупных сделок по приобретению российских активов Shell – 411 АЗС, также завершила  покупку доли 56,4% в энергетической компании «Энел Россия» в октябре 2022 года."
?,"it  Делимобиль — российский сервис краткосрочной аренды автомобилей, запущенный в 2015 году. Делимобиль работает в ряде городов России."
?,"other  Европлан – лизинговая компания, которая финансирует для юридических и физических лиц приобретение автомобилей в лизинг."
?,"industrials ПАО «Новороссийский морской торговый порт» (далее - НМТП) владеет и управляет крупнейшим в Новороссийске портом на Черном море. НМТП обрабатывает, загружает и разгружает грузы,          обрабатывает грузы с сырой нефтью, а также обслуживает сухие грузы (металлы, цемент, сахар, зерновые). "
?,"utilities ПАО «ТГК-1» занимается производством и поставками электрической и тепловой энергии в северо-западной части России. "
?,"materials ПАО «Мечел» участвует в 4 сегментах бизнеса, включающих горнодобычу, производство стали, ферросплавов и энергии.  Его предприятия занимаются производством угля, железнорудного концентрата, никеля, стали, феррохрома, ферросицилия, прокатных и скобяных изделий, электрической и тепловой энергии. "
