Ticket,P/E,Description
SBER,3.52,Сбербанк - факторы роста и падения акций  Сбербанк перешел на выплату дивидендов 50% от прибыли начиная с 2020 года Сбербанк вышел в прибыль в октябре 2022 года и может выплатить дивиденды уже в 2023 году Рекордная прибыль в 2023 году и ожидаемый рекордный дивиденд. Могут платить больше 50% от чистой прибыли. Высокий ROE и высокая достаточность капитала.  Замедление кредитования в стране снижает рост кредитного портфеля и соответственно процентных доходов Сбера. Рост процентных ставок может снизить чистую процентную маржу и соответственно прибыль Сбера в следующем году. Ипотека - основа розничного кредитного портфеля. Средние сроки ипотечного кредита в среднем выросли за последние год на 10 лет - вырос риск что со временем могут начаться проблемы с выплатой.
LKOH,3.97,Лукойл - факторы роста и падения акций  Стабильно растущие дивиденды + див. политика к-я предусматривает выплату 100% скорр. свободного денежного потока на дивиденды Дивидендная доходность Лукойла может быть самой высокой в нефтяном секторе Ходят слухи о том что Лукойл может выкупить свои акции у нерезидентов с дисконтом что впоследствии может увеличить дивиденд на акцию  Есть вероятность усиления налогового нажима на нефтяной сектор в 2024 году если власти сочтут положение нефтяных компаний слишком хорошим Основные владельцы компании в преклонном возрасте - неизвестно что будет с компанией через 10-20 лет (риск смены владельцев и отношения к акционерам)
TCSG,5.34,Т-Банк  Тинькофф  ТКС - факторы роста и падения акций  История роста постоянно растущие показатели Самая высокая рентабельность среди российских банков Доля некредитного бизнеса выше 50% - диверсификация и снижение риска Могут поставить рекорд по прибыли в 2023 году Страховой бизнес хорошо растет и уже входит в топ-10 в стране.  Банк стоит дороже остальных по мультипликаторам Рост кредитного портфеля в 2022 году замедлился - соответственно рост тоже Кипрская компания под санкциями. Дивиденды пока маловероятны Качество кредитного портфеля в 2022 году снизилось и пока не восстановилось до уровней 2021 года.
GAZP,-5.01,"Газпром - факторы роста и падения акций  Могут быть заключены новые контракты на поставку газа в Китай. Сейчас 38 млрд.м3 потенциал до 130 млрд.м3. Высокие цены на газ должны продержаться как минимум до 2024 года с учетом сокращения закупок российского газа со стороны Европы Компания владеет пакетами акций в Газпромнефти Газпромбанке Сахалине-2 и  НОВАТЭКе По отчету РСБУ за 2023г. активы Газпрома выросли на 2 трл.р.  Чистая прибыль = 695 млрд.р.  Чистые Активы Газпрома 175трл.р. при рыночной капитализации 38 трл.р.  недооценка к балансовой стоимости в 4 раза!  В долгосрочном плане угрозу для бизнеса представляет бурное развитие альтернативной энергетики. Есть проект Сила Сибири-2 емкостью 50 млрд м3 и стоимостью 1.5 трлн руб В 2022 компания может начать строительство новых трубопроводов например в Индию. РОСИМУЩЕСТВО ПОВЫСИЛО НДПИ ДЛЯ ГАЗПРОМА НА 2022 НА 1.24 ТРЛН РУБ А ТАКЖЕ ПРИНЯЛО РЕШЕНИЕ НЕ ВЫПЛАЧИВАТЬ ДИВИДЕНДЫ ЗА 2021 ГОД. КОМПАНИЯ ВПЕРВЫЕ С 1998 ГОДА НЕ ЗАПЛАТИЛА ДИВИДЕНДЫ И УЖЕ ВЫПЛАТИЛА ДИВИДЕНДЫ ЗА 1П 2022 ГОДА = 51 РУБ Поставки газа в Европу в 2023 году сократятся в 3 раза относительно пиковых значений 2018/19 года. Гер. Uniper подала иск на Газпром на сумму 116 млрд евро. В случае успеха это может вычесть из цены акций Газпрома около 20 руб на акцию. В конце 2024 г. истекает контракт на транзит газа через Украину что может означать потерю 15 млрд м3 (29% европейского экспорта)"
PLZL,12.9,Полюс - факторы роста и падения акций  Себестоимость добычи у Полюса - самая низкая в мире Стратегическая отрасль поэтому вероятно что Минфин не будет трогать золотодобытчиков чтобы сохранить им и прибыльность и возможность инвестировать в добычу Сухой Лог должен добавить чуть ли не 100% текущей добычи к 2025 году на пике там будет добываться 23-35 млн унций золота  Повышения дивидендов байбэков и прочих плюшек ожидать не стоит компания начнет осваивать Сухой Лог - все деньги туда Страны G7 планируют отказаться от российского золота. Непрозрачный выкуп с премией к рыночной цене у тех кто раньше подал заявку. Долговая нагрузка после выкупа может выйти за рамки когда по див. политике должны платить дивиденды.
YNDX,24.5,Яндекс - факторы роста и падения акций  Яндекс - одна из самых быстро растущих компаний российского рынка
AFKS,-5.41,АФК Система - факторы роста и падения акций  Одна из лучших компаний в плане отношения к миноритариям стремится к прозрачной дивидендной политике как в материнской так и в дочерних компаниях. Удачная конъюнктура рынка в 2021 году позволила Системе монетизировать свои разнообразные активы вывести на биржу OZON Сегежа. до 17 сентября 2022 года действует программа выкупа акций на 7 млрд рублей В 2022 году компания может провести IPO Медси Агрохолдинга Степь и Биннофарма что будет способствовать высвобождению акционерной стоимости АФК  уровень долговой нагрузки: за вычетом гудвила и прочих нематериальных активов собственный капитал системы составляет минус! 50млрд. ₽ (на 31.12.2021) при активах 17 трл. ₽.
MTLR,2.55,Мечел - факторы роста и падения акций  Активы Мечела лучше для экспорта угля. Якутуголь (42% добычи) расположен восточнее узких мест железной дороги. Мечел каждый год сокращает долг  Большая зависимость от цен на уголь Мечел может не платить дивиденды т.к. недостаточно СЧА по РСБУ У компании огромный долг чистые активы отрицательные
OZON,-7.65,OZON  ОЗОН - факторы роста и падения акций  Продажи OZON растут очень быстрыми темпами Рынок интернет-торговли стремительно растет Вышли в плюс по EBITDA  OZON за 20 лет существования не удалось выйти на прибыль и пока лишь предстоит доказать свою способность быть прибыльной компанией Большие темпы роста рынка требуют опережающих вложений в инфраструктуру расходы и инвестиции будут тянуть компанию в убыток еще минимум несколько лет. Поскольку в текущую капитализацию заложены очень высокие ожидания роста цена акций может быть очень волатильна особенно если в какой-то момент темпы роста продаж компании упадут или замедлятся.
VTBR,2.36,ВТБ - факторы роста и падения акций  Если ВТБ закончит мутить с непрофильными активами то  RoE банка вырастет С июля банк работает в прибыль убытки остались в 2022 году Допэмиссия должна решить все проблемы с достаточностью капитала. Дальше курс на восстановление прибыли. Купленные Открытие и РНКБ вместе зарабатывали 80 млрд руб. чп в 2021 году (+23% к ЧП ВТБ в 2021 году).  При подсчете рыночной капитализации ВТБ надо учитывать 520 млрд рублей на которые были выпущены привилегированные акции в пользу Минфина и ВТБ - эти акции на рынке не торгуются но ВТБ имеет обязательство платить по ним дивиденды Выплаты по префам ВТБ существенно влияют на див. доходность обычки. Участники рынка могут опасаться что повышение процентных ставок вызовет снижение спроса на кредиты со стороны физических лиц Банк пользуется всеми послаблениями ЦБ дивидендов здесь можно ожидать годами.
SMLT,5.97,Самолет - факторы роста и падения акций  На рынке недвижимости Московской области сложился серьезный дефицит предложения - всего 1 млн м2 против 35-4 млн м2 в 2016 году. Продажи компании растут несмотря на окончание программы льготной ипотеки и рост процентных ставок На конец 2022 года Самолет - самый быстрорастущий девелопер в России Компания обещает довести объем продаж к 2024 году до 32 млн м2 что даст выручку 500+ млрд руб. Это в 8 раз больше чем выручка 2020 года.  Риск того что ипотечный спрос сильно упадет в 2023-2024 году после изменения программ льготной ипотеки и исчерпания будущего спроса за счет активных покупок в прошлых годах. Компания планировала SPO весной 2023 года при этом Free Float вырастет до 40%. У Компании высокий долг который перекрывается деньгами на эскроу счетах. По долгам начисляют проценты по эскроу нет.
NLMK,3.47,НЛМК - факторы роста и падения акций  НЛМК может показать наибольшую дивидендную доходность в долгосрочной перспективе  Дополнительные налоги съедают прибыль Компания не раскрывает отчётность Запрет ЕС на импорт стальных полуфабрикатов
ROSN,3.50,Роснефть - факторы роста и падения акций  Роснефть обладает самым большим производственным потенциалом роста среди всех российских НК Роснефть платит дивиденды 50% МСФО к 2024 «Восток Ойл» будет давать дополнительно 30 млн.т. нефти и до 100 млн т к 2030 году Восток Ойл позволит Роснефти нарастить выручку и прибыль с 2024 года - когда первая нефть пойдет через собственную инфраструктуру (в данном проекте существенные льготы и сниженные налоги)  Возможны новые крупные расточительные приобретения. Риск ввода дополнительных налогов и ввода искуственного ограничения прибыли через НДПИ
GMKN,8.23,ГМК Норникель - факторы роста и падения акций  ГМК глобально выиграла от дефицита палладия 2019-2020. Он в свою очередь сложился из-за перехода автопроизводителей с дизельных двигателей на бензиновые а также ужесточения экологических стандартов. К 2030 году спрос на никель со стороны производителей батарей для автомобилей может вырасти с 250 тыс т до более 1000 тыс т. В 2021 электромобили это всего 10% мирового потребления никеля. Стратегия компании 2030: увеличить добычу никеля и меди на 20-30%  металлы платиновой группы на 40-50% ГМК ранее платил большие дивиденды в долг (60% EBITDA)  Производство всех металлов кроме меди стагнирует много лет. Компания вытягивает только за счет роста цен и падения рубля Возможно с 2023 года автопроизводители смогут частично заменить палладий на платину в качестве катализатора в ДВС чтобы снизить дефицит палладия. CAPEX ожидается вырастет в период с 2022 по 2025 год до $4 млрд более чем в 2 раза выше чем в 2020 году В конце 2022 года истекает акционерное соглашение и дивиденды могут снизиться в 2 раза. В 2021 году 43% выручки - это палладий. В то же время спрос на палладий со временем будет ослабевать из-за роста доли электромобилей. В 2022 ожидается профицит на рынке никеля 52% продаж Норникеля шло в недружественную Европу Для производства электромобилей не требуется платина и палладий
NVTK,4.23,"НОВАТЭК - факторы роста и падения акций  Считается что у Новатэка в отличие от Газпрома намного более эффективный менеджмент Компания имеет самую низкую налоговую нагрузку в нефтегазовом секторе РФ и самую высокую прибыльность Новатэк продолжает расти НОВАТЭК планирует нарастить производство СПГ в 29–36 раза к 2030 году за счет реализации новых проектов. Арктик СПГ2 запуск 1 линии в 2023 а полная мощность в 2026г Единственная растущая компания в нефтегазовом секторе  Конкуренция на внешнем рынке газа усиливается американские сланцевики запускают массу СПГ проектов в 2024-2025 акции всегда стоят дорого премия за растущий актив который в теории может перестать расти 70% СПГ Новатэк отправляет в Европу есть санкционный риск на запрет покупки СПГ из России (в Азию везти дольше и дороже особенно когда нет навигации через Северный Морской путь (осень-весна) Не ясно как Новатэк будет вывозить СПГ с Арктик СПГ-2 после того как Совкомфлот попал под санкции США. Под вопросом 6 корейских газовозов."
HEAD,11.8,HeadHunter (Хэдхантер) - факторы роста и падения акций  Двигаются к монополии скупают активы: zarplata.ru Skillaz 11 мая 2023 одобрили BUYBACK акций который будет действовать 1 год Ранее платили 75% прибыли на дивиденды сейчас не могут т.к. зарубежная компания Монополист на рынке рекрутинга в РФ (60%) и СНГ и 3-я в мире Выручка с 2021-2023гг. растет высокими темпами +56% и в Q1 2024г. рост продолжился +550% 2024 год пока самый благоприятный для компании HeadHunter потому что наблюдается самый сильный дефицит рабочей силы а в июне 24г. индекс HeadHunter показал значение “31” - такого не было никогда в истории  Компания дорогая как и весь техно-сектор США P/E=57 (LTM 1Q2021) Дивдоходность 2021 год всего 16% в 2022-2023гг. дивидендов не выплачивали так как это кипрская компания Эффективная налоговая ставка снизилась с 235% в 1 квартале 2023 года до 25% в 1 квартале 2024 года в связи с применением льготной ставки для ИТ-компаний 0% с 1 января 2024 года - не понятно с 2025 года для HeadHunter какая будет ставка!
AFLT,3.71,Аэрофлот - факторы роста и падения акций  Результаты 2024 могут улучшиться на фоне рекордной загрузки кресел и повышения цен Компания в моменте не обслуживает лизинговые платежи перед иностранными лизингодателями
MGNT,9.59,Магнит - факторы роста и падения акций  Казначейский пакет акций Магнита составляет 334% соответственно Магнит может платить дивиденды так как будто эти акции погашены - треть дивидендов будут возвращаться обратно в компанию.  Проигрывают по всем финансовым показателям Х5: чистая прибыль EBITDA свободный денежный поток выручка. Даже долговая нагрузка относительно EBITDA выше но стоял в полтора раза дороже.
MOEX,6.20,Московская биржа - факторы роста и падения акций  Прозрачный понятный бизнес Фактический монополист (валютный денежный срочный рынки + рынок рос. облигаций) что дает чистую маржу на уровне 52% Один из немногих реальных бенефициаров в случае роста процентных ставок ЦБ РФ До 2021 года Мосбиржа стабильно выплачивала около 85% прибыли в виде дивидендов По мультипликаторам дешевле своих исторических средних  Нет драйверов роста которые могли бы привести к существенной переоценке вверх В 2023 году Мосбиржа нарушила свою дивполитику и выплатила только 30% прибыли за 2022 год в виде дивидендов. Менеджмент намекнул что в условиях неспокойного внешнего фона платить дивы 85% от прибыли будет непросто Достаточность капитала была низкой еще в феврале 2022 года и ее размер до сих пор неизвестен. Имея низкую достаточность биржа не будет платить большую долю от чистой прибыли в виде дивидендов.
TATN,4.67,Татнефть - факторы роста и падения акций  в 2022г.  Чистая прибыль выросла на 43%  выручка от переработки нефти и реализации нефтепродуктов составила 55% от общей выручки (в 2021г этот показатель был 25%) общие дивиденды за 2022г.  67р. на акцию (14% от текущей цены). ТАНЕКО (НПЗ Татнефти) - самый современный нефтеперерабатывающий завод в России который имеет максимальную глубину переработки нефти Татнефть планирует в ближайшем будущем нарастить объем переработки нефти до 100% объемов добычи - причем переработка нефти в последнее время приносит основную прибыль предприятия Компания активно развивает производство нефтехимической продукции из собственного сырья - производство шин ПЭТ упаковок и так далее.  Большая часть активов находится в Татарстане - компания не изъявляет желание серьезного расширения географии и роста активов
SBER,3.52,Сбербанк - факторы роста и падения акций  Сбербанк перешел на выплату дивидендов 50% от прибыли начиная с 2020 года Сбербанк вышел в прибыль в октябре 2022 года и может выплатить дивиденды уже в 2023 году Рекордная прибыль в 2023 году и ожидаемый рекордный дивиденд. Могут платить больше 50% от чистой прибыли. Высокий ROE и высокая достаточность капитала.  Замедление кредитования в стране снижает рост кредитного портфеля и соответственно процентных доходов Сбера. Рост процентных ставок может снизить чистую процентную маржу и соответственно прибыль Сбера в следующем году. Ипотека - основа розничного кредитного портфеля. Средние сроки ипотечного кредита в среднем выросли за последние год на 10 лет - вырос риск что со временем могут начаться проблемы с выплатой.
SNGS,0.96,Сургутнефтегаз - факторы роста и падения акций  Компания стоит дешевле чем объем наличных денег на её счетах. Правда у миноритариев пока нет шансов к тому чтобы получить доступ к этому кэшу поэтому рынок оценивает бумагу без него. Любое улучшение т.н. корпоративного управления в компании может вызвать существенную переоценку акций - акции могут вырасти более чем в 2 раза.  Не ясно кто контролирует 40% уставного капитала Сургутнефтегаза. Полная информационная закрытость и непрозрачность Сургутнефтегаз вот уже много лет платит дивиденд 060-080 руб на обыкновенную акцию
VKCO,-1.47,"ВК  VK - факторы роста и падения акций  40% выручки - игры 75% из них - продаются за рубеж Возможно IPO игрового сегмента - потенциальный драйвер Если консолидировать в результаты выручку от O2O и СП с Aliexpress то выручка MAIL будет в 2 раза выше. Если эти доли выйдут в плюс то прибыль MAIL существенно вырастет. Выручка компании продолжает уверенно расти Потенциальный драйвер - выход убыточного O2O на IPO Новая стратегия компании которая может быть опубликована в марте 2022 может сделать фокус на развитии умирающей соцсети ВК. Блокировка иностранных конкурентов в лице Meta* *Запрещена в РФ  В декабре Усманов продал свой пакет Мейл.ру 152% повесив его на другой свой актив - Мегафон. Если бы мажоритарий полагал что мейл.ру обладает существенным потенциалом роста прибыли и акций вряд ли бы он стал это делать Дмитрий Гришин распродает свои акции Mail.ru (ноябрь 2017) В 2020 году растущий бизнес О2О сформировал существенный убыток (почти -20 млрд). Основным генератором прибыли по сути является реклама в социальных сетях которая в 2020 выросла всего на 5%. O2O (СП со Сбером в которое входят такси Ситимобил каршеринг Youdrive и доставка Delivery Club) пока регулярно генерирует существенный убыток. В 1 квартале 2021 наблюдается падение месячной активной публики социальных сетей - ВК и ОК. Есть вероятность исключения акции из индекса MSCI Russia из-за падения цены и снижения капитализации В начале в 2022 в ВК пришел полностью новый менеджмент из Ростелекома: Владимир Кириенко Александр Айвазов Ирина Сиренко Степан Ковальчук Инна Походня. VK продает игровое подразделение за $642 млн"
SNGS,0.96,Сургутнефтегаз - факторы роста и падения акций  Компания стоит дешевле чем объем наличных денег на её счетах. Правда у миноритариев пока нет шансов к тому чтобы получить доступ к этому кэшу поэтому рынок оценивает бумагу без него. Любое улучшение т.н. корпоративного управления в компании может вызвать существенную переоценку акций - акции могут вырасти более чем в 2 раза.  Не ясно кто контролирует 40% уставного капитала Сургутнефтегаза. Полная информационная закрытость и непрозрачность Сургутнефтегаз вот уже много лет платит дивиденд 060-080 руб на обыкновенную акцию
CHMF,5.57,Северсталь - факторы роста и падения акций  У Северстали самая высокая степень интеграции сырьевой базы: железной руды и каменного угля близкая к 100% У компании наименьший долг из тройки Компания может первой вернуться к выплате дивидендов  Дополнительные налоги съедают прибыль
EUTR,3.39,ЕВРОТРАНС - факторы роста и падения акций
SGZH,-1.53,"Сегежа Групп - факторы роста и падения акций  Компания может выиграть в случае девальвации рубля  Компания традиционной экономики разместилась на IPO дороговато (P/E = 20) - в оценку заложены ожидания роста. Рост финпоказателей 2021 может быть временным обусловленным скачком цен на пиломатериалы Большая часть оборудования Сегежи из Финляндии - вопрос - как скажутся санкции Высокая долговая нагрузка Net Debt/EBITDA: 3.5х с 10 августа'22 экспорт лесопромышленной продукции в ЕС был полностью запрещен (28% выручки всей группы шло из EC в 2021) + С конца июля в США начали действовать 35%-пошлины на импорт РФ пиломатериалов"
TRNFP,0.67,Транснефть - факторы роста и падения акций  РФПИ считает целесообразным конвертировать префы Транснефти в обыкновенные акции. Основные CAPEXы остались позади Огромный CAPEX позади - FCF положительный долга нет -> компания может нарастить выплату дивидендов в ближайшем будущем  Сечин может лоббировать более низкие тарифы на прокачку Северная ветка трубопровода Дружба не работает Восток Ойл будет экспортировать нефть через собственную инфраструктуру Роснефти - есть риск потери существенной части выручки и прибыли с 24-27 года
IRAO,2.65,ИнтерРАО - факторы роста и падения акций  Возможно гашение казначейского пакета 294% = увеличение ценности акций у инвесторов рост курса Главное что может привести к переоценке - это изменение дивидендной политики (но это вряд ли так как триллионная программа капзатрат на 10 лет) до 2025 г. выручка вырастет в 15 раза EBITDA – в 161 раза Имея чистую денежную позицию 340 млрд (1кв 2021 г.) на 30.06.23г. уже 452 млрд.руб. компания одна из немногих кто выигрывает от роста процентных ставок ЦБ РФ Ожидаем что даже с высоким Capex у компании не изменится чистый долг т.е. денег от операционной деятельности будет достаточно  низкие дивиденды. Менеджмент не хочет менять див. политику (25% прибыли) Менеджмент ИнтерРАО (20.07.2021) открыто заявляет: нас не беспокоит текущая капитализация мы ориентированы на 2035 год В 2021 Купили активы на десятки миллиардов существенно дороже балансовой стоимости покупку занесли в гудвилл который может быть списан со временем и пойдет со знаком минус в отчет о прибылях. Не представили отчеты за 2021 и 2022гг. по МСФО Экспорт электроэнергии с мая 2022г. в Европу прекращен а это самые рентабельные рынки у компании и в 1П2023г. сегмент экспорта убыточен! Менеджмент не желает гасить казначейские акции компания пока не работает в интересах акционеров Высокие капитальные расходы до 2028 года (одно лишь строительство Новоленской ТЭС оценивается в 257 млрд.руб.) Ожидаю за 2023 год capex - 70 млрд.руб
MTSS,5.40,МТС - факторы роста и падения акций  Контора платит максимально возможные дивиденды. Эти акции очень похожи на облигацию: будут расти при снижении ставок ЦБ РФ но их привлекательность будет снижаться при росте ставок. Продажа Башенной Компании может ощутимо снизить долг и добавить кэш на счета компании. Суммарно сделка может улучшить баланс на 100-150 млрд рублей если состоится. У компании выкуплено 8% собственных акций на дочернюю структуру до конца 09.2024г. могли увеличить до 11% В 2025 году МТС может объявить о выводе на IPO новых компаний экосистемы IPO МТС Банка принесло 11 млрд руб  Внедрение 5G это очень большой CAPEX. Эти акции очень похожи на облигацию: будут расти при снижении ставок ЦБ РФ но их привлекательность будет снижаться при росте ставок. Все новые бизнесы экосистемы МТС находится в зоне очень высокой конкуренции. Новые бизнесы и построение экосистемы требуют затрат. Доля финансовых расходов в 1Н2024г. превысила 61% от операционной прибыли
MAGN,3.66,ММК - факторы роста и падения акций  ММК остается фундаментально наиболее дешевой компанией из тройки  Компания имеет низкую интеграцию в коксующийся уголь и железную руду что плохо сказывается на показателях маржинальности когда цены на сырье растут
ALRS,4.24,АЛРОСА - факторы роста и падения акций  Алроса ожидает снижения добычи алмазов в мире в течение следующих 7 лет. Эксперты говорят об исчерпании запасов в мире с 2025 года. Дефицит алмазов на рынке в 2022 году (даже без учета устранения Алросы с рынка при помощи санкций) В 2022 году в США ожидается рекордное число свадеб за последние 40 лет Алроса производит как правило мелкие камни происхождение которых сложнее отследить С 2023г возобновились отчетности по продажам и добыче алмазов выплата дивидендов.  Монопродуктовая компания которая никак не развивается не диверсифицируется и целиком зависит от мировой алмазной конъюнктуры Крупнейшие ювелирные сети мира отказались от бриллиантов из российских алмазов Компания под санкциями. С 2022 года не отчитывается по продажам. Есть большие проблемы со сбытом. Крупнейшая в мире платформа по торговле бриллиантами RapNet исключила из своей торговой системы российские бриллианты которые составляли 1/3 оборота. США: запрет на импорт российских алмазов и бриллиантов. (Исключение для бриллиантов которые сделаны из российских алмазов в других странах например Индии)
RNFT,0.80,Русснефть - факторы роста и падения акций  Гуцериев в 2019 обещал что Русснефть начнет платить дивиденды после 2022 года когда сократит долг/EBITDA с 2 до 1.  Контора растит долг дивиденды не платит Часть прибыли Русснефть платит на привилегированные акции которые держит только банк Траст (1/4 уставного капитала) Акции Русснефти в залоге у ВТБ Плохой уровень раскрытия информации Аудитор отчетности - компания Интерком-Аудит не внушает доверия У ВТБ есть форвард на продажу 21% префов самой Русснефти что потенциально может оттянуть кучу кэша из компании Добыча снижается: в 2013 году компания добывала 113 млн т нефти а в 2022 году добыча прогнозируется на уровне 67 млн т Низкий P/E надо корректировать на размер дивидендов по префам (вычитать из прибыли). Фактический P/E получится выше. Вывод денег из компании через займы. Плюс обесценивание финансовых вложений (см. отчет за 2020 год списано - 30 млрд руб Долгие годы компания участвовала в схемах мажоритария: брали кредиты на Русснефть выводили деньги из компании через займы которые теперь вряд ли вернутся в компанию. Неясный момент: на момент IPO Гуцериев называл доказанные запасы 600 млн т а сейчас они почему-то сократились до около 200 млн т.
POSI,28.9,Группа Позитив - факторы роста и падения акций  Сектор кибербеза растет темпами выше 30%. Результаты компании опережают рынок и растут темпами близкими к 100% Рентабельность растет  Рост показателей уже заложен в оценку. Компания не дешевая Планируются SPO и возможна допэмиссия
SIBN,4.24,Газпромнефть - факторы роста и падения акций  Один из самых качественных  нефтяников в плане бизнеса - большая доля современной переработки + современные месторождения с низкой себестоимостью добычи Газпром нуждается в дивидендах от Газпромнефти -> дивидендный поток будет расти со временем  Free Float всего 432% от уставного капитала Добыча и выручка могут пострадать в 1П2023 из-за введения нефтяного эмбарго а также эмбарго на экспорт нефтепродуктов с 5.02.2023 Из-за низкого free float всегда есть риск принудительного выкупа от Газпрома и делистинга с биржи
MTLR,2.55,Мечел - факторы роста и падения акций  Активы Мечела лучше для экспорта угля. Якутуголь (42% добычи) расположен восточнее узких мест железной дороги. Мечел каждый год сокращает долг  Большая зависимость от цен на уголь Мечел может не платить дивиденды т.к. недостаточно СЧА по РСБУ У компании огромный долг чистые активы отрицательные
PIKK,7.43,ПИК СЗ - факторы роста и падения акций  Возможен spin-off и IPO новых технологических дочерних структур Kvarta (2022-2023 годы) и Units (2023-2024 годы).  ЧИСТАЯ ПРИБЫЛЬ КОМПАНИИ 2020-2021 ЗАВЫШЕНА ИЗ-ЗА НАЛИЧИЯ ФОРВАРДА С ВТБ НА 110 МЛН АКЦИЙ КОТОРЫЙ ДОРОЖАЕТ ПО МЕРЕ РОСТА АКЦИЙ И ПРИНОСИТ БОЛЬШУЮ ПРИБЫЛЬ ОТ ПЕРЕОЦЕНКИ. Есть непроверенная информация что после марта 22 года Гордеев получил гражданство Южной Кореи У компании совершенно запущен раздел &quot;Акционерам&quot; на сайте. И это уже 4 года!!!
UGLD,13.8,Южуралзолото  ЮГК - факторы роста и падения акций  компания планирует удвоить добычу золота к 2028 году  Главный акционер г-н Струков платил сам себе зарплату в миллиарды рублей  неизвестно продолжится ли такая практика после IPO Суд 10 сентября начнет рассматривать иски к ЮГК о вреде экологии на 46 млрд рублей Ростехнадзор ограничил добычу на четырёх активах Южуралзолота. Компания не выполнила свой прогноз добычи который давала перед IPO
UWGN,6.10,ОВК - факторы роста и падения акций   Компания кинула владельцев облигаций обанкротив ОВК Финанс списав облигаций 31 млрд. Компания никогда не была стабильно прибыльной в основном убытки Размыли капитал в 2023 году в 29 раз по цене акции 93 руб без особой надобности
FLOT,3.02,Совкомфлот - факторы роста и падения акций  Среднее значение стоимости фрахта за 20 лет = $26400. Сокращение заказов на новые суда в мире и очень низкая цена фрахта (<$10000 в 1 кв.2021) может в перспективе повысить тариф Больше половины выручки приходится на т.н.индустриальный сегмент ставки фрахта которого не зависят от рыночных цен а контрактуются на длительный период под определенного заказчика. Контракты на 25 лет текущий объем контрактов $24млрд. Ожидается что доля сегмента к 2025 году составит 70% Ожидается рост существенный законтрактованной выручки с 2023 года. В 2023 году ставки фрахта танкеров Aframax остаются на уровне около $50к в день что существенно выше средних значений и позволяет генерировать высокую прибыль и денежные потоки (скорр. прибыль на акцию в 1П составила 18 руб а потенциальный дивиденд за полугодие = 9 руб на акцию)  У компании большая материальная капитальная база (суда) и как следствие высокая амортизация Рынок в 2023 году может заложить в оценку высокие ставки фрахта которые в будущем когда-то нормализуются и результаты резко упадут. Если СВО закончится то для перевозки станет доступно больше танкеров акции Совкомфлота могут упасть до 60-70 руб
RUAL,84.0,Русал - факторы роста и падения акций  Если продать долю ГМК 278% про рынку и загасить долг то EV/EBITDA Русала будет равен 0.1 (при цене акций Русала 40 руб и ГМК 24000 руб) Самая низкая в мире себестоимость производства алюминия  В 2021 году начали перестройку производственных корпусов всех комбинатов которая закончится к 2030 году. Это приведет к росту капзатрат Мажоритарий (Дерипаска Эн+) исторически не любит платить дивиденды Возможные проблемы с производством (глиноземные заводы в Украине Ирландии) и сбытом (40% выручки в недружественных странах) Русал объявил на ПМЭФ-2023 что собирается построить глиноземный завод в Ленобласти за 400 млрд руб В 2023-2026 может быть слабый дивидендный поток от Норникеля Экспортная пошлина забирает съедает большую часть маржи т.к. в процентах к выручке маржа невысокая (рентабельность на грани убытков) при текущих ценах на алюминий
TRMK,10.6,ТМК - факторы роста и падения акций   существенный долг на 43% валютный В 2020-2021 будет снижение выручки из-за сокращения капзатрат в нефтегазовом секторе Низкий Free Float = всего 436% акций Странные телодвижения: при гигантском долге компания объявила выплату огромных дивидендов из нераспределенной прибыли За полгода сделали 2 допэмиссии 18 млн акций (сентябрь 2023) и 40 млн акций (январь 2024) Крайне высокий долг ЧД/EBITDA=25 После июля 2024 может перестать действовать квота 600 тыс т на экспорт черного лома из РФ тогда лом может подорожать себестоимость ТМК вырастет Казахстан с марта ввел запрет на экспорт лома ж/д транспортом что может усилить дефицит в РФ и поднять цены что приведет к росту себестоимости ТМК
IRKT,-56.5,Яковлев (Иркут) - факторы роста и падения акций   Слабая диверсификация: 87% выручки = военная продукция => сильная зависимость от бюджета РФ Предстоит большая допэмиссия?
BSPB,3.71,Банк Санкт-Петербург - факторы роста и падения акций  Основной драйвер - надежда на увеличение размера дивидендной выплаты. Если например менеджмент решит повысить пэйаут с 20% до 50% то акции могут вырасти кратно Банк постоянно выкупает свои акции сокращая free float. В 2022 году первый банк который выплатил промежуточные дивиденды показав что не у всех банков в секторе есть проблемы. Банк существенно нарастил чистую процентную маржу в 2022 и 2023 году Один из самый дешевый банков по мультипликаторам. И это уже не первый год  Банк оперирует только в Северо-Западном регионе Доля просроченной задолженности плохо покрыта резервами <100%. Рекордная прибыль за 2022 год и 1-ый квартал во многом связана с прочими статьями доходов а не основной банковской деятельностью.
SVCB,2.68,Совкомбанк - факторы роста и падения акций
TATN,4.67,Татнефть - факторы роста и падения акций  в 2022г.  Чистая прибыль выросла на 43%  выручка от переработки нефти и реализации нефтепродуктов составила 55% от общей выручки (в 2021г этот показатель был 25%) общие дивиденды за 2022г.  67р. на акцию (14% от текущей цены). ТАНЕКО (НПЗ Татнефти) - самый современный нефтеперерабатывающий завод в России который имеет максимальную глубину переработки нефти Татнефть планирует в ближайшем будущем нарастить объем переработки нефти до 100% объемов добычи - причем переработка нефти в последнее время приносит основную прибыль предприятия Компания активно развивает производство нефтехимической продукции из собственного сырья - производство шин ПЭТ упаковок и так далее.  Большая часть активов находится в Татарстане - компания не изъявляет желание серьезного расширения географии и роста активов
RTKM,7.48,Ростелеком - факторы роста и падения акций  Компания платит стабильные дивиденды не менее 5 рублей на акцию. в июле 2021 Осеевский заикнулся о повышении дивидендов до 55-6 рублей - сдвинулись с мертвой точки на которой стояли несколько лет. Фокус развития на цифровых сервисах Стратегия 2025 подразумевает увеличение выручки с уровня 2020 года до 700 млрд руб и удвоение прибыли. В 2022 году CEO говорил о том что цели будут достигнуты быстрее. Дешевле МТС примерно на 40% по различным мультипликаторам. Внутри есть отдельные компании которые могут стоить существенно дороже на рынке отдельно от Ростелекома.  Доходы от фиксированной связи постоянно падают На рынке интернет услуг жесткая конкуренция 35% кредитов и займов по плавающей ставке (30.06.2023). Долг высоковат - (18хEBITDA) (30.06.2023) Госа и дивидендов за 2022 год до сих пор нет
LSRG,2.54,"ЛСР Группа - факторы роста и падения акций  Большой портфель проектов превышающий в несколько раз капитализацию компании. Красный рост продаж в 2023 году  Слабый уровень коммуникаций с акционерами Мажоритарный акционер кредитует сам себя по сниженной ставке за счет ЛСР вместо того чтобы платить дивиденды (5 млрд руб в 1П22) КРАЙНЕ НИЗКИЕ ПРАКТИКИ КОРПОРАТИВНОГО УПРАВЛЕНИЯ!!! В НАЧАЛЕ 2023 ГОДА МЕНЕДЖМЕНТ ПОДАРИЛ САМ СЕБЕ 22МЛН АКЦИЙ НА 11 МЛРД РУБЛЕЙ КОТОРЫЕ БЫЛИ ВЫКУПЛЕНЫ ЗА СЧЕТ СРЕДСТВ КОМПАНИИ. Высокая долговая нагрузка (выше конкурентов ND/EBITDA = 27)"
BANE,1.77,Башнефть - факторы роста и падения акций  дешевизна по фундаментальному анализу (капитала 4000+ руб на 1 акцию) + высокая див доходность с учетом выплаты всего 25% прибыли по МСФО  Башнефть - дойная корова Роснефти через рост дебиторки Сразу после того как Роснефть стала контролирующим акционером в конце 2016 года компания перестала публиковать презентации MD&amp;A и проводить конференц-колл по результатам отчетности
SFIN,3.01,SFI  ЭсЭфАй - факторы роста и падения акций  Фундаментально дешёвая компания Холдинг внутри есть компании которые в сумме могут стоить кратно дороже чем отдельно ЭсЭфАй 573% акции квазиказначейские  21.07.2022 SFI купила 1037% тонущей М.Видео у Гуцериевской структуры Веридж Инвестментс Лимитед Продают по-немногу казначейские акции в стакан Акционер под санкциями
GTRK,37.6,Globaltruck (ГТМ) - факторы роста и падения акций   Вывели деньги займом (277 млрд руб) из компании в 2023 нарастив долговую нагрузку на эту величину Компания крайне низкомаржинальна Продали 20% парка тягачей в 2023 году получив за это всего 05 млрд руб При цене акций 400-500 руб стоимость компании завышена в разы
SPBE,31.0,СПб Биржа (SPB) - факторы роста и падения акций
MVID,-2.35,М.Видео-Эльдорадо - факторы роста и падения акций  Очень низкая рентабельность поэтому если вдруг рентабельность улучшится могут переоцениться.  С ростом популярности онлайн форматов есть риск падения операционной эффективности оффлайн магазинов Компании трудно конкурировать Количество заказов в 2022 году упало на 9% относительно 2021. Похоже М.Видео проигрывает борьбу маркетплейсам С апреля 22 наблюдается падение спроса на бытовую технику в РФ Компания не раз переписывала прошлые результаты в худшую сторону так что текущий отчет выглядит лучше. Непонятный акционер: высосал все соки дивидендами. В 2022 году сообщал что планирует выйти из актива. Компания много операционных затрат капитализирует свободный денежный поток стабильно в отрицательной зоне. Высокая долговая нагрузка чистый долг/EBITDA = 53х (30.06.2023)
LEAS,4.44,Европлан - факторы роста и падения акций  Высокий ROE около 40% последние годы Темпы роста портфеля лизинга последний год были около 40%  Темпы роста могут замедлиться из-за растущей конкуренции в том числе со стороны крупных банков Высокие ставки могут снизить маржинальность бизнеса
FEES,1.09,"Россети (ФСК) - факторы роста и падения акций  Россети-ФСК оценена ниже своих реальных чистых активов в 65 раз. и ниже НОМИНАЛА почти в 5 раз. При этом работает с прибылью. р.е = 2 правительству поручено оптимизировать инвестпрограмму в плане снижения ее финансирования в 2023-2027 гг. и переноса сроков некоторых проектов рассмотреть вопрос о дальнейшей индексации тарифов (в мае был повышен тариф для ЕНЭС на 63% - ИФ). Чистая прибыль на акцию по РСБУ за 9м23г = 024057р. при рыночной стоимости 0128р. Единственная АО имеющая рыночную стоимость в 4 раза ниже НОМИНАЛА = 50к.! при этом только доли дочерних компаний торгуемых в рынке оцениваются в 2 раза выше всей ФСК Россетей. так же у ФСК Россети 857% ИРАО.  балансовая стоимость Чистых активов = 18 трл.р при рыночной капитализации 027трл.р. компания работает с хорошей прибылью Чистые активы растут ежегодно  Реальный свободный денежный поток компании гораздо меньше ее прибыли по причине того что существенная ее часть тратится на стройку. Новые построенные мощности не увеличивают выручку но увеличивают амортизацию и тем самым сокращают прибыль Прибыльность компании в 2021 году начала снижаться из-за того что затраты растут опережающими выручку темпами Инвестпрограмма на 2023-2024г. превысит 1 трлн.руб. Из-за высокой ставки ЦБ в 2024г. резко вырастут процентные расходы (90% облигаций с плавающим купоном КС+премия) Дивидендов до 2026 года не ожидается - решение Президента РФ В. Путина"
ASTR,28.3,Группа Астра - факторы роста и падения акций  Импортозамещение иностранного ПО должно помогать расти выручке Высокие темпы роста - компания планирует утроить выручку за 2 года то есть 27 млрд руб выручки в 2026 году. Импортозамещение иностранного ПО должно помогать расти выручке: компания – лидер среди разработчиков инфраструктурного ПО в частности операционных систем (доля 76%) Высокие темпы роста - компания планирует утроить чистую прибыль за два года то есть по итогам 2025 года к 2023 году. Рынок отечественных разработчиков инфраструктурного ПО будет расти на 25% ежегодно в ближайшие шесть лет по оценкам Strategy Partners  Компания стоит дорого Зависимость отрасли от государственной поддержки Дефицит IT-кадров
ABIO,8.02,Артген биотех (ИСКЧ) - факторы роста и падения акций  Внутри венчуры которые могут выстрелить и кратно вырасти.  Компания дорогая стоит 10 годовых выручек.
PHOR,7.13,ФосАгро - факторы роста и падения акций  Производитель удобрений с самой низкой себестоимостью Рентабельность EBITDA - самая высокая среди конкурентов (40%) в 2019 году прошли пик CAPEX дальше ожидается рост FCF и дивидендов.  На мировом рынке фосфатных удобрений устойчивый избыток производственных мощностей который сохранится в 2020 г Повышение НДПИ в 35 раза с 1.1.2021 незначительно снизит прибыль (~ -2 млрд руб или -5%)
FESH,3.37,ДВМП - факторы роста и падения акций  Компания является бенефициаром перестройки логистических цепочек на Дальний Восток  Менеджмент компании обозначил что не собираются платить дивиденды до 2024 года (мажоритарий сидит платить смысла нет) Прибыль компании может упасть так как последняя прибыль была получена на циклическом пике ставок Мажоритарный пакет компании может стать государственным в этом случае судьба миноритариев становится неопределенной
QIWI,0.78,КИВИ (QIWI) - факторы роста и падения акций  Платежный бизнес показывает отличный рост Контора закрыла два неудачных проекта которые генерировали убытки: Совесть и Рокетбанк У компании много денег размер ликвидных активов превышает размер капитализации.  Киви регулярно имеет проблемы с ЦБ Реорганизация в форме разделения активов может нести риски для владельцев расписок.
WUSH,15.4,Вуш Холдинг  WHOOSH - факторы роста и падения акций  Одна из немногих растущих компаний. Кратный рост в 2022 и 2023 году. При сохранении значительного потенциала роста рынка.  Ужесточение регулирования. Сенатор Клишас 3.05.2023 предложил запретить самокаты на городских улицах оставив их только в парках Высокая рентабельность бизнеса показанная в 2021 году скорее всего в будущем будет только снижаться т.к. растущая конкуренция будет давить на цены. Рост удельных расходов на обслуживание флота (компания молодая с ростом срока службы флота расходы на его ремонт растут опережающими темпами).
SOFL,13.1,Softline - факторы роста и падения акций   Околонулевая прибыль и глубоко отрицательный денежный поток В отчетности за 1П2023 отразили куплю-продажу доли в Atalaia Management Group за 4 млрд руб под которые потом сделали резерв под обесценивание (вывод денег?)
UPRO,3.65,Юнипро - факторы роста и падения акций  ИнтерРАО может купить долю немцев 3 энергоблок Березовской ГРЭС запущен в 2021 году и до 2024 года компания будет получать повышенную плату за мощность по ДПМ-1 Отрицательный чистый долг на 30.06.2023г. = -453 млрд.руб. (рекордный показатель по компании)  25.04.2023г. долю Uniper (8373%) в акционерном капитале Юнипро передаются во временное управление Росимуществу Итоговый дивиденд за 20221 год отменен а за 2022 год дивиденды не рекомендовали и не ясно когда дивиденды возобновятся
RASP,5.04,Распадская - факторы роста и падения акций  Высокие цены на уголь Возможное возобновление выплаты дивидендов вместе с высокими финансовыми результатами могут дать высокую дивидендную доходность. Дешевые мультипликаторы  Основной акционер близок по доле к моменту возможного делистинга Компания приостановила выплаты дивидендов в 2022 году. Отказ от выделения из структуры Евраза Основной акционер Evraz - британская компания с акционерами под санкциями. Пока она не решит свои проблемы с переездом из недружественной юрисдикции то вероятно дивидендов в Распадской мы не увидим. Технологические риски у Роспотребнадзора бывают жалобы после которых приостанавливают работу. Трудности с логистикой из-за загруженности жд
HYDR,4.19,Русгидро - факторы роста и падения акций  Компания ждет роста EBITDA в 15 раза к 2025 году (до уровня примерно 180 млрд рублей) В 2023г. разрешено включать в тариф затраты на топливо предыдущих лет для Дальнего Востока что увеличит выручку и EBITDA В 2023г. ожидаю рост выработки на +50% так как идет восстановление выработки в Сибири Стабильно платят дивиденды с 2012 года (за 2022г. - 50% МСФО)  Хорошая компания на которую повесили обязательства по реанимации убыточной РАО ЭС Востока В июле 2020 увеличили 5-летнюю инвест программу на 171 млрд руб. До 2025 будет инвестировано 634 млрд руб из которых 430 пойдет на Дальний Восток. Тарифы на электроэнергию на Дальнем Востоке в 2023г. выросли на 150% а на тепловую энергию +116% - но для компании все равно этого не достаточно и без субсидий от государства получается убыток Выработка электроэнергии в 2022г. -90% - из-за малой водности в водохранилищах в Сибири FCF отрицательный из-за высокого capexa и от этого - растет общий долг на 30.06.2023г. = 265 млрд.руб.
OZPH,5.51,ОЗОН Фармацевтика - факторы роста и падения акций
DATA,11.1,Аренадата - факторы роста и падения акций
UNAC,-5.84,ОАК - факторы роста и падения акций  Процесс перехода на единую акцию ОАК Иркут и ГСС в теории может повысить эффективность компании  Глубоко убыточная неэффективная компания поддерживаемая государством Главный риск - это бюджетные проблемы России которые могут привести к приостановке финансированию ОАК Стратегия компании предусматривает выход на уровень безубыточности лишь к 2025 году Производственные площади ОАК 44 млн м2 - на 1/4 больше чем у Boeing Airbus Embraer и Bombardier вместе взятых. А самолетов ОАК производит в 15 раз меньше. Чистые активы ОАК сейчас по отчетности ниже стоимости акции на ММВБ.
SVAV,4.59,Соллерс - факторы роста и падения акций  На заводах Соллерс вместо японских и американских автомобилей собираются клоны китайских машин — Sollers Argo (клон китайской модели JAC N25/N35) Sollers Atlant (клон китайской модели JAC Sunray) и Sollers ST6 (клон китайской модели JAC T6) и к 2028 году планируют выпускать 65 000 шт в год! Государство выдает льготные кредиты на капитальные расходы Рынок новых LCV автомобилей в РФ с 2017 года составлял стабильно больше 100 000 автомобилей а в 2021 году достигал рекордных 143 992 штук но в 2022 году рухнут почти в 2 раза до 75 220 шт поэтому в 2024 году стоит ожидать роста г/г (в 2023 г. было продано 90 386 автомобилей) и пробития 100 000 автомобилей Долговая нагрузка у компании комфортная и чистый долг на 31.12.2023г. = 14 млрд руб.  Компания ориентировалась на сборку зарубежных авто ее деятельность может серьезно пострадать в результате ограничений наложенных другими странами а также из-за ухода из РФ иностранных производителей Больше не будет производить Ford Transit автомобили MAZDA грузовики Isuzu — все эти автогиганты после начала СВО продали свои доли в компании Соллерс и прекратили поставку комплектующих. Для реализации амбициозных планов к 2028 году могут не успеть и выпускать меньше автомобилей
SELG,17.1,Селигдар - факторы роста и падения акций  Менеджмент явно заинтересован в росте капитализации Контора за 2019 год первый раз выплатила приличный дивиденд  Стремительно наращивают долг Резкий рост капзатрат в 2022 году В 22 году сильно выросла себестоимость вслед за ростом материалов и большого роста расходов на оплату труда при этом выручка не выросла Низкое содержание золота в руде очень высокая cash cost себестоимость добычи унции Оценочные полные издержки добычи (AISC) – $1367 за унцию (2П22). Признаки ещё большего уменьшения содержания золота в перерабатываемой руде в последнее время.
NMTP,5.30,НМТП - факторы роста и падения акций  Уникальный актив. Генерирует огромный свободный денежный поток к-й почти не зависит от экономического цикла. Отличная рентабельность. Снижение покупок нефти со стороны ЕС после 24.02.22 должно спровоцировать рост перевалки через Новороссийский порт (избыточные мощности есть) Кандидат на приватизацию (20% принадлежит Росимуществу) капитализацию могут разогнать к данному сущфакту.  Стратегия до 2029 года подразумевает рост годовых капзатрат до 11 млрд в год в среднем что ограничит суммы для выплаты дивидендов. Компания с 2019 года перестала публиковать презентации для инвесторов Риск диверсии со стороны Украины.
AMEZ,4.17,Ашинский МЗ - факторы роста и падения акций   За 20 лет ни разу не выплатили дивиденды
RTKM,7.48,Ростелеком - факторы роста и падения акций  Компания платит стабильные дивиденды не менее 5 рублей на акцию. в июле 2021 Осеевский заикнулся о повышении дивидендов до 55-6 рублей - сдвинулись с мертвой точки на которой стояли несколько лет. Фокус развития на цифровых сервисах Стратегия 2025 подразумевает увеличение выручки с уровня 2020 года до 700 млрд руб и удвоение прибыли. В 2022 году CEO говорил о том что цели будут достигнуты быстрее. Дешевле МТС примерно на 40% по различным мультипликаторам. Внутри есть отдельные компании которые могут стоить существенно дороже на рынке отдельно от Ростелекома.  Доходы от фиксированной связи постоянно падают На рынке интернет услуг жесткая конкуренция 35% кредитов и займов по плавающей ставке (30.06.2023). Долг высоковат - (18хEBITDA) (30.06.2023) Госа и дивидендов за 2022 год до сих пор нет
CBOM,3.30,МКБ - факторы роста и падения акций  Кредитный портфель вырос в 2 раза за последние 2 года Мультипликаторы дешевле Сбера  Было 18 допэмиссий Низкая чистая процентная маржа Нет дивидендов Нет подробного раскрытия качества активов
BANE,1.77,Башнефть - факторы роста и падения акций  дешевизна по фундаментальному анализу (капитала 4000+ руб на 1 акцию) + высокая див доходность с учетом выплаты всего 25% прибыли по МСФО  Башнефть - дойная корова Роснефти через рост дебиторки Сразу после того как Роснефть стала контролирующим акционером в конце 2016 года компания перестала публиковать презентации MD&amp;A и проводить конференц-колл по результатам отчетности
MBNK,3.18,МТС Банк - факторы роста и падения акций
DIAS,15.9,Диасофт - факторы роста и падения акций  Спрос на софт существенно превышает предложение после 2022 года Компания нанимает по 200 чел в квартал предвидя расширение рынка Возможно что выручка компании в ближайшие годы будет расти на уровне 30% в год
ENPG,4.12,En+ - факторы роста и падения акций  Выкуп доли ВТБ убирает «навес» над рынком так как банк мог продать в рынок без согласования с OFAC Для вторичном размещении всего пакета выкупленного у ВТБ нужно задрать цену. Значит будут хорошие дивиденды и обещания перспектив от менеджмента. Выкупленные у ВТБ акции будут консолидированы в ее отчетности а дивиденды полученные на эти акции  улучшит кредитоспособность En+ Дешевый ESG актив (ГЭС+алюминий) и доля в ГМК Норникеле через РУСАЛ.  Рост долга в связи с выкупом акций У Русала запланирован большой капекс до 2030 года на обновление алюминиевых заводов до 2030 года ($5bn) Мажоритарий (Дерипаска) исторически не любит платить дивиденды
AGRO,4.68,Русагро - факторы роста и падения акций  Динамично развивающаяся компания с доступом к дешевому кредиту Компания осваивает Приморский край с выходом на азиатские рынки - главный триггер для роста которого ждём (цены там выше на 20-30%) Основные капзатраты завершены. Компания может наращивать FCF Компания регулярно платила дивиденды (пока на паузе из-за того что расписка)  Переговоры по открытию рынка Китая идут 7 лет при поддержке Путина пока безрезультатно. Все сегменты где работает Русагро имеют очень высокую конкуренцию. Подсолнечное масло сахар и мясо - везде перепроизводство в России. меры государства по квотированию экспорта и повышению экспортных пошлин Есть риски раскулачивания со стороны правительства из-за высоких цен на продовольствие Кипрская компания торгуется через расписки и дивиденды на паузе. Себестоимость выросла доходы компании снизились цикл изменился. Существенная доля активов граничит с Украиной (Белгородская и Курская области).
MDMG,6.77,Мать и Дитя (MD) - факторы роста и падения акций  Компания пока демонстрирует неплохие темпы роста бизнеса за счет экспансии в регионы В сентябре 2020 достроили Лапино-2. Завершили CAPEX 39 млрд рублей в результатах 2021 приведет к росту выручки. Компания регулярно открывает новые клиники и строит/покупает госпитали. По немногу это дает рост выручки и прибыли. У компании есть целевой roic в 20% и они его соблюдают.  Рост показателей обусловлен вводом новых корпусов после 24 февраля большая часть инвестиций приостановлена Компания не дешевая EV/EBITDA = 7 P/E = 95
ROLO,-1.88,Русолово - факторы роста и падения акций  Аленка капитал за покупку  одни убытки. рыночная капитализация превышает балансовую стоимость в 20 раз!
MRKC,2.67,Россети Центр - факторы роста и падения акций  Компания стабильно платит дивиденды с 2010 года а с 2020г. дивидендные выплаты ежегодно растут Чистый долг на 31.12.2023г. будет равняться примерно 350 млрд.руб. а коэффициент чистый долг/EBITDA снизится с текущих 14 до 12 к 2027 году  Есть риск что инвестиционная программа в 2024г. может вырасти потому что три области в которых работает компания граничат с Украиной (Брянская Курская и Белгородская) а последнее время происходят диверсии и нападения на территорию. 22 января 2024 года в Россети Центр утвержден Бизнес-план на 2024 год где чистая прибыль снижается на -184% до 487 млрд.руб. По полезному отпуску электроэнергии прогнозируется стагнация роста не планируется до 2027 года.
LENT,8.98,Лента - факторы роста и падения акций  Компания хочет удвоить выручку 2020 года к 2025 году до 1 трлн рублей Новые M&A могут улучшить финансовые результаты Компания улучшила свои операционные метрики. Смена фокуса со стагнирующего гипермаркета к масштабируемому магазину у дома.  Компания допускает возможность проведения SPO но по более высоким ценам Дивиденды не в приоритете. 1 - долговая нагрузка 2 - Рост продаж и развитие бизнеса 3 - дивиденды. Можно бесконечно пытаться нарастить продажи и не платить дивиденды. Рентабельность последние годы снижалась c 9% до 6% в 2022 году (по EBITDA)
AQUA,22.8,Инарктика (Русская Аквакультура) - факторы роста и падения акций  Рыболовные участки позволяют нарастить мощность в 3 раза по сравнению с 2020 годом - до 50 тыс т. Практически монопольное положение в России по аквакультурному свежему лососю в России Импорт лосося в Россию из Чили и Фарерских островов почти обнулился в России страшный дефицит лосося и рост цен на него  Отсутствует ясная дивидендная политика Нет широкой диверсификации по видам продукции выращивают в основном морской лосось и форель. Биологические риски не равны нулю. В 2015 году мор рыбы оказал серьезное негативное влияние на компанию Компания полностью зависит от импорта (100% смолт 100% корма 100% оборудования) поэтому если против нее введут санкции то это конец. Компания не выпустила отчет за 2021 год и перестала публиковать вообще какие-либо новости или информацию о себе на сайт с февраля 2022 года
UNKL,-32.0,ЮУНК - факторы роста и падения акций
LSNG,5.10,Россети Ленэнерго - факторы роста и падения акций  Крупнейшая электросетевая компания СПБ и области Для префов: изменение количества обыкновенных акций не влияет на размер дивидендов приходящихся на префы. в Уставе прописаны дивы в размере 10% ЧП на префы. ДД одна из самых высоких по рынку Ожидается ежегодный рост электропотребления в регионе присутствия с 2024 года. Чистый долг на 31.12.2023г. ожидается близкий к 0!  Ожидается рекордная инвестпрограмма в 2024-2025гг. Хаотичное непредсказуемое начисление оценочных обязательств а также обесценение основных средств что влияет на чистую прибыль Регулируемые тарифы которые устанавливает государство (комитет по тарифам и ценовой политике).
TGKN,7.39,ТГК-14 - факторы роста и падения акций  Возможна покупка со стороны СУЭК  Мощность станций не меняется уже много лет. А зачем? Чистая рентабельность низкая в генерации в разы хуже конкурентов из западной части России РЖД мечтает продать станцию много лет но не может найти покупателя
KMAZ,12.5,КАМАЗ - факторы роста и падения акций   США включили КАМАЗ в SDN Лист несмотря на все мытарства и уловки экспорт составлял 96% выручки компании
VSEH,16.1,ВсеИнструменты.ру - факторы роста и падения акций
APTK,276.2,Аптеки 36 и 6 - факторы роста и падения акций   стабильно убыточная компания с большим долгом акционерный капитал размывается допэмиссиями компания убыточна даже на на операционном уровне плюс ещё платит большие проценты по долгу долг Аптек растет Похоже главная проблема компании состоит в том что она платит слишком дорогую арендную плату под свои аптеки в Москве Если примут закон который разрешает продажу безрецептурных препаратов прод.магазинами Аптекам 366 может прийти конец Компания вообще не отчитывается перед акционерами
RBCM,-42.1,РБК - факторы роста и падения акций  Путин сказал что такой канал как РБК должен быть и что он и сам его иногда смотрит  Компания - де-факто банкрот с огромным долгом 15 млрд руб и без какой-либо возможности самостоятельно с этим долгом расплатится Процентные расходы РБК превышают ее EBITDA в 2015 и 2016 годах Компания в хроническом убытке
BELU,11.3,НоваБев Групп (Белуга Групп) - факторы роста и падения акций  Компания планирует удвоить бизнес в течение 4 лет: с 63 млрд выручки до 130 млрд Драйвер роста бизнеса: +2400 точек Winelab которые планируется открыть к 2024 году. Бенефициар ухода западных алкогольных брендов Компания выкупает свои акции и учитывает их при выплате дивидендов (платит больше потому что деньги все равно останутся в компании).  Стоят адекватно по мультипликаторам (рост заложен в оценку) В 2023 году продавали свои квазиказначейские акции. В 2023 году маржинальность после рекордного года сокращается.
DELI,20.3,Делимобиль (Каршеринг Руссия) - факторы роста и падения акций
MSNG,44.5,Мосэнерго - факторы роста и падения акций  Дивиденды 50% от скорректированной чистой прибыли по РСБУ и МСФО Общий долг с 2023 года равен 0 а чистый долг на 30.06.2023г. отрицательный = -524 млрд.руб.  Самые старые мощности в российской генерации. Половина станций - старше 45 лет. Вероятный CAPEX с 2019 года может составить 25 млрд руб в год В конце 2024 года продажи мощности по ДПМ-1 закончатся что снизит прибыль Компания предпочитает одалживать деньги Газпрому нежели увеличивать дивиденды
RENI,7.28,Ренессанс Страхование - факторы роста и падения акций  Портфель компании растет и растет объем страховых премии Покупка иностранных конкурентов с дисконтом Стабильный рост в части non-life страхования. Потенциал роста рынка страхования жизни в россии кратный.  Компания не смогла продать свои акции на IPO из-за отсутствия спроса. 25 октября организатор размещения Sova Capital взяла на свой баланс 30 млн акций (54%) на 4 млрд рублей которые теперь они будут пытаться продать тем или иным способом. Компания стоит больше баланса
HNFG,7.17,Henderson (Хэндерсон фэшн групп) - факторы роста и падения акций   В 2022 году у компании произошел временный двухкратный взлет рентабельности за счет повышения цен (на фоне ухода зарубежных сетей)
AKRN,17.4,Акрон - факторы роста и падения акций   Низкий Free-float всего 36%. Нет презентаций для инвесторов невысокий уровень раскрытия информации Высокий показатель EV/EBITDA=10
CIAN,19.6,ЦИАН - факторы роста и падения акций
GEMC,5.73,ЕМС  ЮМГ - факторы роста и падения акций  Цены компании номинированы в евро - возможная защита от девальвации Компания направляет всю чистую прибыль на дивиденды (крупных инвестиционных проектов не предвидится)  Рост возможен только за счет эффективности. Крупных проектов в будущем нет.
FIXP,5.78,Fix Price - факторы роста и падения акций  Нет долга Рентабельность компании по итогам 2020 составила феноменальные 10% - выше чем у всех представителей продовольственной розницы  Компания БЫЛА монополистом в сегменте. В 2020 году на эту поляну вышли X5 (сеть Чижик) Магнит (сеть Моя цена) Лента (365+) 15-16 млрд руб компания планирует вложить в строительство новых складских комплексов в течение 4-5 лет. Трафик существенно сократился выручка стагнирует Самый дорогой ритейлер по мультипликаторам В 2023 резко увеличили выплаты менеджменту которые составили >40% от дивидендной выплаты акционерам
